,,,,,,,,,,,,,,,,,,,,,,,,,,
,,,12 bulbs ,,,,,,,,,,,,,,,,,,,,,,,
SAMPLE,PN,Relative Light intensity ,,,SAMPLE BEFORE RAYONET,,,,,,PN,,,,,,,SAMPLE AFTER RAYONET,,,,,,,,
,,,,,,,,,,,,,,,,,,,,,,,,,,
kobs(m-1),kobs (m-1),λ,Irradiation ,I corrected,λ,"Abs, t=0","Abs, t=0 corrected",S,I*Ab*S,Rabs,λ,Abs ( Ref. Sensitizer),S,I*Abs(ref)*S,Rabs(ref),φ1O2 (t=0),,λ,"Abs, t=300min","Abs, t=300min corrected",S,I300*Abs*S,Rabs,φ1O2 (t=end),[1O2]ss,
7.00e-04,0.1402,800,18.5316666666667,18.5316666666667,800,-0.1404938698,0.0000,1.18,0.00,491,800,0.00113214762,1.00,0.02,22293,2.27e-01,,800,-0.08946685493,0,1.11,0.00,323,3.45e-01,1.17e-13,
,,799,-7.60666666666667,0,799,-0.1400970668,0.0000,1.18,0.00,,799,0.001184966299,1.00,0.00,,,,799,-0.08939471841,0,1.11,0.00,,,,
,,798,11.2233333333333,11.2233333333333,798,-0.1402758658,0.0000,1.18,0.00,,798,0.001045315759,1.00,0.01,,,,798,-0.08936484158,0,1.11,0.00,,,,
kobs(s-1),kobs(s-1),797,-2.134,0,797,-0.1404832006,0.0000,1.18,0.00,,797,0.001120261033,1.00,0.00,,,,797,-0.08931923658,0,1.11,0.00,,,,
1.17e-05,0.00233666666666667,796,4.68166666666667,4.68166666666667,796,-0.1401920021,0.0000,1.18,0.00,,796,0.001123219728,1.00,0.01,,,,796,-0.08922211826,0,1.11,0.00,,,,
,,795,14.9916666666667,14.9916666666667,795,-0.1405760199,0.0000,1.18,0.00,,795,0.001081722789,1.00,0.02,,,,795,-0.08928067237,0,1.11,0.00,,,,
,,794,12.1666666666667,12.1666666666667,794,-0.1403030008,0.0000,1.18,0.00,,794,0.001224084757,1.00,0.01,,,,794,-0.08910343051,0,1.11,0.00,,,,
,,793,18.022,18.022,793,-0.1405524909,0.0000,1.18,0.00,,793,0.001231171656,1.00,0.02,,,,793,-0.08926186711,0,1.11,0.00,,,,
,,792,-7.20666666666667,0,792,-0.1400861293,0.0000,1.18,0.00,,792,0.000842421141,1.00,0.00,,,,792,-0.08928370476,0,1.11,0.00,,,,
,,791,-4.61,0,791,-0.1403414905,0.0000,1.18,0.00,,791,0.001055798959,1.00,0.00,,,,791,-0.0891840905,0,1.11,0.00,,,,
,,790,3.35,3.35,790,-0.1400070637,0.0000,1.18,0.00,,790,0.001441857778,1.00,0.00,,,,790,-0.08928105235,0,1.11,0.00,,,,
,,789,0.931666666666667,0.931666666666667,789,-0.1400071084,0.0000,1.18,0.00,,789,0.001168743591,1.00,0.00,,,,789,-0.0891577825,0,1.11,0.00,,,,
,,788,4,4,788,-0.1399071068,0.0000,1.18,0.00,,788,0.001041631098,1.00,0.00,,,,788,-0.0891141817,0,1.11,0.00,,,,
,,787,2.805,2.805,787,-0.1390823871,0.0000,1.18,0.00,,787,0.001012855559,1.00,0.00,,,,787,-0.08923657984,0,1.11,0.00,,,,
,,786,-2.68833333333333,0,786,-0.1388618201,0.0000,1.18,0.00,,786,0.001194310724,1.00,0.00,,,,786,-0.0894344151,0,1.11,0.00,,,,
,,785,-7.93166666666667,0,785,-0.1388457566,0.0000,1.18,0.00,,785,0.001253834809,1.00,0.00,,,,785,-0.08934941143,0,1.11,0.00,,,,
,,784,11.958,11.958,784,-0.1389199495,0.0000,1.18,0.00,,784,0.00131889747,1.00,0.02,,,,784,-0.0890160501,0,1.11,0.00,,,,
,,783,11.6966666666667,11.6966666666667,783,-0.1388745308,0.0000,1.18,0.00,,783,0.001424482791,1.00,0.02,,,,783,-0.08932615072,0,1.11,0.00,,,,
,,782,-6.70833333333333,0,782,-0.1387646347,0.0000,1.18,0.00,,782,0.001256197225,1.00,0.00,,,,782,-0.08915259689,0,1.11,0.00,,,,
,,781,2.635,2.635,781,-0.1389093399,0.0000,1.18,0.00,,781,0.001022014767,1.00,0.00,,,,781,-0.08919303119,0,1.11,0.00,,,,
,,780,-12.124,0,780,-0.1389288604,0.0000,1.18,0.00,,780,0.001213701325,1.00,0.00,,,,780,-0.08910203725,0,1.11,0.00,,,,
,,779,1.52166666666667,1.52166666666667,779,-0.1390033364,0.0000,1.18,0.00,,779,0.001017474104,1.00,0.00,,,,779,-0.08917026222,0,1.11,0.00,,,,
,,778,1.55333333333333,1.55333333333333,778,-0.1388855428,0.0000,1.18,0.00,,778,0.001229172805,1.00,0.00,,,,778,-0.08909802884,0,1.11,0.00,,,,
,,777,-5.962,0,777,-0.1388980597,0.0000,1.18,0.00,,777,0.001101886854,1.00,0.00,,,,777,-0.08908862621,0,1.11,0.00,,,,
,,776,7.32666666666667,7.32666666666667,776,-0.139110297,0.0000,1.18,0.00,,776,0.001468038419,1.00,0.01,,,,776,-0.08906289935,0,1.11,0.00,,,,
,,775,2.65166666666667,2.65166666666667,775,-0.1390538961,0.0000,1.18,0.00,,775,0.001425417722,1.00,0.00,,,,775,-0.08900929987,0,1.11,0.00,,,,
,,774,-3.32833333333333,0,774,-0.1391137689,0.0000,1.18,0.00,,774,0.001110970043,1.00,0.00,,,,774,-0.08892923594,0,1.11,0.00,,,,
,,773,18.284,18.284,773,-0.1392724812,0.0000,1.18,0.00,,773,0.000824292074,1.00,0.02,,,,773,-0.08888207376,0,1.11,0.00,,,,
,,772,10.01,10.01,772,-0.1393376589,0.0000,1.18,0.00,,772,0.001112968312,1.00,0.01,,,,772,-0.08895433694,0,1.11,0.00,,,,
,,771,15.0683333333333,15.0683333333333,771,-0.1391873807,0.0000,1.18,0.00,,771,0.001189560629,1.00,0.02,,,,771,-0.08884608001,0,1.11,0.00,,,,
,,770,-5.248,0,770,-0.1391601413,0.0000,1.18,0.00,,770,0.001022248296,1.00,0.00,,,,770,-0.08869323134,0,1.11,0.00,,,,
,,769,8.27166666666667,8.27166666666667,769,-0.1393574476,0.0000,1.18,0.00,,769,0.001087587676,1.00,0.01,,,,769,-0.08881878108,0,1.11,0.00,,,,
,,768,-1.65,0,768,-0.139467001,0.0000,1.18,0.00,,768,0.001218529535,1.00,0.00,,,,768,-0.08863139153,0,1.11,0.00,,,,
,,767,-6.286,0,767,-0.1394462734,0.0000,1.18,0.00,,767,0.001205057255,1.00,0.00,,,,767,-0.08880346268,0,1.11,0.00,,,,
,,766,8.92333333333333,8.92333333333333,766,-0.1395018846,0.0000,1.18,0.00,,766,0.001191221876,1.00,0.01,,,,766,-0.08871994913,0,1.11,0.00,,,,
,,765,16.0616666666667,16.0616666666667,765,-0.1396517605,0.0000,1.18,0.00,,765,0.001352159539,1.00,0.02,,,,765,-0.08872234821,0,1.11,0.00,,,,
,,764,11.765,11.765,764,-0.1395948529,0.0000,1.18,0.00,,764,0.001078297384,1.00,0.01,,,,764,-0.08852943033,0,1.11,0.00,,,,
,,763,38.544,38.544,763,-0.1395269632,0.0000,1.18,0.00,,763,0.001350549632,1.00,0.05,,,,763,-0.08875177056,0,1.11,0.00,,,,
,,762,22.6316666666667,22.6316666666667,762,-0.1397192776,0.0000,1.18,0.00,,762,0.001184213557,1.00,0.03,,,,762,-0.08857726306,0,1.11,0.00,,,,
,,761,3.22833333333333,3.22833333333333,761,-0.1394714266,0.0000,1.18,0.00,,761,0.001401966554,1.00,0.00,,,,761,-0.08851768821,0,1.11,0.00,,,,
,,760,16.978,16.978,760,-0.1398675293,0.0000,1.18,0.00,,760,0.001477155252,1.00,0.03,,,,760,-0.08853402734,0,1.11,0.00,,,,
,,759,-1.81833333333333,0,759,-0.1398993433,0.0000,1.18,0.00,,759,0.001175414305,1.00,0.00,,,,759,-0.08846929669,0,1.11,0.00,,,,
,,758,3.53166666666667,3.53166666666667,758,-0.1395036131,0.0000,1.18,0.00,,758,0.001336372108,1.00,0.00,,,,758,-0.08846621215,0,1.11,0.00,,,,
,,757,-1.894,0,757,-0.1398900449,0.0000,1.18,0.00,,757,0.001347823185,1.00,0.00,,,,757,-0.08844974637,0,1.11,0.00,,,,
,,756,-9.345,0,756,-0.1398809552,0.0000,1.18,0.00,,756,0.001046120189,1.00,0.00,,,,756,-0.08845552802,0,1.11,0.00,,,,
,,755,22.922,22.922,755,-0.1398625374,0.0000,1.18,0.00,,755,0.001201137551,1.00,0.03,,,,755,-0.08851599693,0,1.11,0.00,,,,
,,754,-3.11333333333333,0,754,-0.1398397684,0.0000,1.18,0.00,,754,0.001138506224,1.00,0.00,,,,754,-0.08860107511,0,1.11,0.00,,,,
,,753,4.595,4.595,753,-0.1401498318,0.0000,1.18,0.00,,753,0.001236415468,1.00,0.01,,,,753,-0.08851017058,0,1.11,0.00,,,,
,,752,10.46,10.46,752,-0.1398783028,0.0000,1.18,0.00,,752,0.001454791985,1.00,0.02,,,,752,-0.08852013946,0,1.11,0.00,,,,
,,751,20.9566666666667,20.9566666666667,751,-0.139992103,0.0000,1.18,0.00,,751,0.001270917361,1.00,0.03,,,,751,-0.08826375753,0,1.11,0.00,,,,
,,750,22.6266666666667,22.6266666666667,750,-0.1400863528,0.0000,1.18,0.00,,750,0.001255600131,1.00,0.03,,,,750,-0.08837562054,0,1.11,0.00,,,,
,,749,8.044,8.044,749,-0.1399957836,0.0000,1.18,0.00,,749,0.001157686696,1.00,0.01,,,,749,-0.08842208236,0,1.11,0.00,,,,
,,748,4.405,4.405,748,-0.1396552771,0.0000,1.18,0.00,,748,0.00115742709,1.00,0.01,,,,748,-0.08824782819,0,1.11,0.00,,,,
,,747,4.49166666666667,4.49166666666667,747,-0.1393930614,0.0000,1.18,0.00,,747,0.001206069603,1.00,0.01,,,,747,-0.08838123828,0,1.11,0.00,,,,
,,746,5.958,5.958,746,-0.139661327,0.0000,1.18,0.00,,746,0.001297139679,1.00,0.01,,,,746,-0.08830799162,0,1.11,0.00,,,,
,,745,1.48333333333333,1.48333333333333,745,-0.1397218704,0.0000,1.18,0.00,,745,0.00123735005,1.00,0.00,,,,745,-0.08829045296,0,1.11,0.00,,,,
,,744,0.252,0.252,744,-0.1396367699,0.0000,1.18,0.00,,744,0.001313444925,1.00,0.00,,,,744,-0.08822019398,0,1.11,0.00,,,,
,,743,14.8983333333333,14.8983333333333,743,-0.1401585937,0.0000,1.18,0.00,,743,0.001222527237,1.00,0.02,,,,743,-0.08834516257,0,1.11,0.00,,,,
,,742,0.623333333333334,0.623333333333334,742,-0.1394692212,0.0000,1.18,0.00,,742,0.001262246165,1.00,0.00,,,,742,-0.08827491105,0,1.11,0.00,,,,
,,741,13.566,13.566,741,-0.1396868825,0.0000,1.18,0.00,,741,0.001516092219,1.00,0.02,,,,741,-0.08820890635,0,1.11,0.00,,,,
,,740,10.9366666666667,10.9366666666667,740,-0.1396653056,0.0000,1.18,0.00,,740,0.001352600986,1.00,0.01,,,,740,-0.08822703362,0,1.11,0.00,,,,
,,739,2.892,2.892,739,-0.1399633437,0.0000,1.18,0.00,,739,0.001310952357,1.00,0.00,,,,739,-0.08808182925,0,1.11,0.00,,,,
,,738,14.92,14.92,738,-0.1397762746,0.0000,1.18,0.00,,738,0.001046483405,1.00,0.02,,,,738,-0.08811128885,0,1.11,0.00,,,,
,,737,11.6283333333333,11.6283333333333,737,-0.1399736553,0.0000,1.18,0.00,,737,0.001389345503,1.00,0.02,,,,737,-0.08801825345,0,1.11,0.00,,,,
,,736,6.364,6.364,736,-0.1400207281,0.0000,1.18,0.00,,736,0.001507156412,1.00,0.01,,,,736,-0.08809860796,0,1.11,0.00,,,,
,,735,7.205,7.205,735,-0.1400906295,0.0000,1.18,0.00,,735,0.001302540069,1.00,0.01,,,,735,-0.08793293685,0,1.11,0.00,,,,
,,734,1.802,1.802,734,-0.1401142031,0.0000,1.18,0.00,,734,0.001443935558,1.00,0.00,,,,734,-0.08802484721,0,1.11,0.00,,,,
,,733,7.005,7.005,733,-0.1401954144,0.0000,1.18,0.00,,733,0.001336579793,1.00,0.01,,,,733,-0.08797492087,0,1.11,0.00,,,,
,,732,-14.2066666666667,0,732,-0.1402568221,0.0000,1.18,0.00,,732,0.001397084212,1.00,0.00,,,,732,-0.08797255158,0,1.11,0.00,,,,
,,731,-4.2,0,731,-0.1402577907,0.0000,1.18,0.00,,731,0.001335203648,1.00,0.00,,,,731,-0.08792760968,0,1.11,0.00,,,,
,,730,2.56166666666667,2.56166666666667,730,-0.1403731555,0.0000,1.18,0.00,,730,0.001400252571,1.00,0.00,,,,730,-0.08802179992,0,1.11,0.00,,,,
,,729,8.504,8.504,729,-0.1406994164,0.0000,1.18,0.00,,729,0.001185563277,1.00,0.01,,,,729,-0.08809451014,0,1.11,0.00,,,,
,,728,4.725,4.725,728,-0.1403432041,0.0000,1.18,0.00,,728,0.001145124552,1.00,0.01,,,,728,-0.0879630819,0,1.11,0.00,,,,
,,727,8.988,8.988,727,-0.1403330117,0.0000,1.18,0.00,,727,0.001266971231,1.00,0.01,,,,727,-0.08806677908,0,1.11,0.00,,,,
,,726,-1.43,0,726,-0.1401225328,0.0000,1.18,0.00,,726,0.001321312273,1.00,0.00,,,,726,-0.08793153614,0,1.11,0.00,,,,
,,725,-2.56,0,725,-0.1400973797,0.0000,1.18,0.00,,725,0.001293400885,1.00,0.00,,,,725,-0.08804302663,0,1.11,0.00,,,,
,,724,-1.17333333333333,0,724,-0.1398494393,0.0000,1.18,0.00,,724,0.001279121381,1.00,0.00,,,,724,-0.08801525086,0,1.11,0.00,,,,
,,723,-1.24166666666667,0,723,-0.1394841224,0.0000,1.18,0.00,,723,0.001268684631,1.00,0.00,,,,723,-0.0880734995,0,1.11,0.00,,,,
,,722,-12.648,0,722,-0.1393410414,0.0000,1.18,0.00,,722,0.001164538786,1.00,0.00,,,,722,-0.08802222461,0,1.11,0.00,,,,
,,721,7.02,7.02,721,-0.1387518793,0.0000,1.18,0.00,,721,0.001123946393,1.00,0.01,,,,721,-0.0879675597,0,1.11,0.00,,,,
,,720,11.43,11.43,720,-0.1377160251,0.0000,1.18,0.00,,720,0.001573478105,1.00,0.02,,,,720,-0.08801947534,0,1.11,0.00,,,,
,,719,-5.05666666666667,0,719,-0.1390996277,0.0000,1.18,0.00,,719,0.001202876796,1.00,0.00,,,,719,-0.08798155934,0,1.11,0.00,,,,
,,718,10.198,10.198,718,-0.1403417438,0.0000,1.18,0.00,,718,0.001269074157,1.00,0.01,,,,718,-0.0880362168,0,1.11,0.00,,,,
,,717,7.04333333333333,7.04333333333333,717,-0.1422921419,0.0000,1.18,0.00,,717,0.001221540733,1.00,0.01,,,,717,-0.08799918741,0,1.11,0.00,,,,
,,716,-7.93,0,716,-0.1453268528,0.0000,1.19,0.00,,716,0.001419236651,1.00,0.00,,,,716,-0.08792198449,0,1.11,0.00,,,,
,,715,8.76333333333333,8.76333333333333,715,-0.1472860575,0.0000,1.19,0.00,,715,0.001459077583,1.00,0.01,,,,715,-0.08791792393,0,1.11,0.00,,,,
,,714,-4.452,0,714,-0.1485993862,0.0000,1.19,0.00,,714,0.0008248107624,1.00,0.00,,,,714,-0.08803376555,0,1.11,0.00,,,,
,,713,4.79166666666667,4.79166666666667,713,-0.1501383036,0.0000,1.19,0.00,,713,0.001369765378,1.00,0.01,,,,713,-0.08786024153,0,1.11,0.00,,,,
,,712,-5.83,0,712,-0.151421234,0.0000,1.20,0.00,,712,0.001070512342,1.00,0.00,,,,712,-0.08806031197,0,1.11,0.00,,,,
,,711,-3.90333333333333,0,711,-0.1519830972,0.0000,1.20,0.00,,711,0.00103755726,1.00,0.00,,,,711,-0.08796037734,0,1.11,0.00,,,,
,,710,-6.292,0,710,-0.1523845047,0.0000,1.20,0.00,,710,0.001137286425,1.00,0.00,,,,710,-0.08809856325,0,1.11,0.00,,,,
,,709,8.52166666666667,8.52166666666667,709,-0.1524749994,0.0000,1.20,0.00,,709,0.001304461388,1.00,0.01,,,,709,-0.08794544637,0,1.11,0.00,,,,
,,708,12.382,12.382,708,-0.1522928923,0.0000,1.20,0.00,,708,0.001489622984,1.00,0.02,,,,708,-0.08797267824,0,1.11,0.00,,,,
,,707,0.75,0.75,707,-0.1519989669,0.0000,1.20,0.00,,707,0.001120338915,1.00,0.00,,,,707,-0.08791957051,0,1.11,0.00,,,,
,,706,12.338,12.338,706,-0.1518242806,0.0000,1.20,0.00,,706,0.00093458232,1.00,0.01,,,,706,-0.08798696846,0,1.11,0.00,,,,
,,705,12.1533333333333,12.1533333333333,705,-0.1514483839,0.0000,1.20,0.00,,705,0.00107757072,1.00,0.01,,,,705,-0.08792278916,0,1.11,0.00,,,,
,,704,4.658,4.658,704,-0.1513815224,0.0000,1.20,0.00,,704,0.001315236441,1.00,0.01,,,,704,-0.08793763071,0,1.11,0.00,,,,
,,703,-5.68166666666667,0,703,-0.1511124969,0.0000,1.20,0.00,,703,0.001334087108,1.00,0.00,,,,703,-0.0878745392,0,1.11,0.00,,,,
,,702,3.434,3.434,702,-0.151561752,0.0000,1.20,0.00,,702,0.001287377556,1.00,0.00,,,,702,-0.08789154142,0,1.11,0.00,,,,
,,701,5.61666666666667,5.61666666666667,701,-0.1513576657,0.0000,1.20,0.00,,701,0.001307369326,1.00,0.01,,,,701,-0.08782104403,0,1.11,0.00,,,,
,,700,4.266,4.266,700,-0.1516067088,0.0000,1.20,0.00,,700,0.001007925835,1.00,0.00,,,,700,-0.08788257092,0,1.11,0.00,,,,
,,699,1.54333333333333,1.54333333333333,699,-0.1516632289,0.0000,1.20,0.00,,699,0.001237531775,1.00,0.00,,,,699,-0.08786705136,0,1.11,0.00,,,,
,,698,7.97,7.97,698,-0.1519788951,0.0000,1.20,0.00,,698,0.001610345207,1.00,0.01,,,,698,-0.08789213002,0,1.11,0.00,,,,
,,697,6.65666666666667,6.65666666666667,697,-0.1516370773,0.0000,1.20,0.00,,697,0.001917198533,1.00,0.01,,,,697,-0.08780124784,0,1.11,0.00,,,,
,,696,-6.13,0,696,-0.1515915543,0.0000,1.20,0.00,,696,0.001530379523,1.00,0.00,,,,696,-0.0879073143,0,1.11,0.00,,,,
,,695,3.53333333333333,3.53333333333333,695,-0.1520578414,0.0000,1.20,0.00,,695,0.001297918498,1.00,0.00,,,,695,-0.0879355967,0,1.11,0.00,,,,
,,694,-7.438,0,694,-0.1516713649,0.0000,1.20,0.00,,694,0.001302851597,1.00,0.00,,,,694,-0.08803351223,0,1.11,0.00,,,,
,,693,12.195,12.195,693,-0.1472903788,0.0000,1.19,0.00,,693,0.001205031294,1.00,0.01,,,,693,-0.08818043023,0,1.11,0.00,,,,
,,692,4.96,4.96,692,-0.1441283226,0.0000,1.19,0.00,,692,0.001193272532,1.00,0.01,,,,692,-0.08833857626,0,1.11,0.00,,,,
,,691,0.681666666666666,0.681666666666666,691,-0.1464376599,0.0000,1.19,0.00,,691,0.001187146641,1.00,0.00,,,,691,-0.08842085302,0,1.11,0.00,,,,
,,690,10.126,10.126,690,-0.1468402296,0.0000,1.19,0.00,,690,0.001227770932,1.00,0.01,,,,690,-0.08853567392,0,1.11,0.00,,,,
,,689,-9.20666666666667,0,689,-0.1473769695,0.0000,1.19,0.00,,689,0.001199086895,1.00,0.00,,,,689,-0.08880823106,0,1.11,0.00,,,,
,,688,5.218,5.218,688,-0.1475390345,0.0000,1.19,0.00,,688,0.001150081865,1.00,0.01,,,,688,-0.08894037455,0,1.11,0.00,,,,
,,687,2.608,2.608,687,-0.1475099921,0.0000,1.19,0.00,,687,0.001119741937,1.00,0.00,,,,687,-0.08918315917,0,1.11,0.00,,,,
,,686,-5.73833333333333,0,686,-0.1472731233,0.0000,1.19,0.00,,686,0.0009282785468,1.00,0.00,,,,686,-0.08925748616,0,1.11,0.00,,,,
,,685,-5.578,0,685,-0.1472291201,0.0000,1.19,0.00,,685,0.001098045963,1.00,0.00,,,,685,-0.08947136253,0,1.11,0.00,,,,
,,684,7.71666666666667,7.71666666666667,684,-0.147103861,0.0000,1.19,0.00,,684,0.0009436620167,1.00,0.01,,,,684,-0.08943971992,0,1.11,0.00,,,,
,,683,-1.372,0,683,-0.1469400525,0.0000,1.19,0.00,,683,0.0008896016516,1.00,0.00,,,,683,-0.08955187351,0,1.11,0.00,,,,
,,682,6.16833333333333,6.16833333333333,682,-0.1468876749,0.0000,1.19,0.00,,682,0.001110502868,1.00,0.01,,,,682,-0.08948404342,0,1.11,0.00,,,,
,,681,7.188,7.188,681,-0.1466933489,0.0000,1.19,0.00,,681,0.00106392114,1.00,0.01,,,,681,-0.08944603801,0,1.11,0.00,,,,
,,680,6.31,6.31,680,-0.1468955278,0.0000,1.19,0.00,,680,0.001488661976,1.00,0.01,,,,680,-0.08916406333,0,1.11,0.00,,,,
,,679,7.20166666666667,7.20166666666667,679,-0.1468095183,0.0000,1.19,0.00,,679,0.001558539923,1.00,0.01,,,,679,-0.08897285163,0,1.11,0.00,,,,
,,678,-9.614,0,678,-0.1471247524,0.0000,1.19,0.00,,678,0.00113118731,1.00,0.00,,,,678,-0.088841483,0,1.11,0.00,,,,
,,677,-10.2783333333333,0,677,-0.146875605,0.0000,1.19,0.00,,677,0.001169729978,1.00,0.00,,,,677,-0.08903283626,0,1.11,0.00,,,,
,,676,-8.096,0,676,-0.1470857859,0.0000,1.19,0.00,,676,0.001241970924,1.00,0.00,,,,676,-0.08902334422,0,1.11,0.00,,,,
,,675,8.61333333333333,8.61333333333333,675,-0.1470148563,0.0000,1.19,0.00,,675,0.001308070379,1.00,0.01,,,,675,-0.08909562975,0,1.11,0.00,,,,
,,674,5.598,5.598,674,-0.1469978094,0.0000,1.19,0.00,,674,0.00120331801,1.00,0.01,,,,674,-0.08937685192,0,1.11,0.00,,,,
,,673,11.144,11.144,673,-0.1469427794,0.0000,1.19,0.00,,673,0.001183331013,1.00,0.01,,,,673,-0.08922190964,0,1.11,0.00,,,,
,,672,3.65833333333333,3.65833333333333,672,-0.1469638199,0.0000,1.19,0.00,,672,0.001044303761,1.00,0.00,,,,672,-0.08928623796,0,1.11,0.00,,,,
,,671,3.438,3.438,671,-0.1468961239,0.0000,1.19,0.00,,671,0.001090623904,1.00,0.00,,,,671,-0.08939665556,0,1.11,0.00,,,,
,,670,14.05,14.05,670,-0.1468950957,0.0000,1.19,0.00,,670,0.001117769629,1.00,0.02,,,,670,-0.08942261338,0,1.11,0.00,,,,
,,669,13.996,13.996,669,-0.146732077,0.0000,1.19,0.00,,669,0.001270320266,1.00,0.02,,,,669,-0.08946950734,0,1.11,0.00,,,,
,,668,17.134,17.134,668,-0.1467342228,0.0000,1.19,0.00,,668,0.001384723,1.00,0.02,,,,668,-0.08961189538,0,1.11,0.00,,,,
,,667,7.59333333333333,7.59333333333333,667,-0.1464535147,0.0000,1.19,0.00,,667,0.001617646194,1.00,0.01,,,,667,-0.08954058588,0,1.11,0.00,,,,
,,666,15.672,15.672,666,-0.146684438,0.0000,1.19,0.00,,666,0.001476635691,1.00,0.02,,,,666,-0.08969099075,0,1.11,0.00,,,,
,,665,11.595,11.595,665,-0.1463715136,0.0000,1.19,0.00,,665,0.000935568125,1.00,0.01,,,,665,-0.08976299316,0,1.11,0.00,,,,
,,664,4.994,4.994,664,-0.1463449001,0.0000,1.19,0.00,,664,0.001290622866,1.00,0.01,,,,664,-0.08972093463,0,1.11,0.00,,,,
,,663,-4.14,0,663,-0.1461692601,0.0000,1.19,0.00,,663,0.001038024318,1.00,0.00,,,,663,-0.08974185586,0,1.11,0.00,,,,
,,662,19.38,19.38,662,-0.1461083144,0.0000,1.19,0.00,,662,0.001220320701,1.00,0.02,,,,662,-0.08975621313,0,1.11,0.00,,,,
,,661,15.978,15.978,661,-0.1458937675,0.0000,1.19,0.00,,661,0.001339358161,1.00,0.02,,,,661,-0.08985843509,0,1.11,0.00,,,,
,,660,13.022,13.022,660,-0.1460303515,0.0000,1.19,0.00,,660,0.001159529435,1.00,0.02,,,,660,-0.08988723159,0,1.11,0.00,,,,
,,659,12.8333333333333,12.8333333333333,659,-0.1457452625,0.0000,1.19,0.00,,659,0.001375530264,1.00,0.02,,,,659,-0.0900272876,0,1.11,0.00,,,,
,,658,12.304,12.304,658,-0.145807296,0.0000,1.19,0.00,,658,0.001334009226,1.00,0.02,,,,658,-0.08992102742,0,1.11,0.00,,,,
,,657,3.61,3.61,657,-0.1457576305,0.0000,1.19,0.00,,657,0.001399862929,1.00,0.01,,,,657,-0.09013083577,0,1.11,0.00,,,,
,,656,25.682,25.682,656,-0.145623073,0.0000,1.19,0.00,,656,0.001353120315,1.00,0.03,,,,656,-0.0901030302,0,1.11,0.00,,,,
,,655,7.578,7.578,655,-0.1455634236,0.0000,1.19,0.00,,655,0.00103472895,1.00,0.01,,,,655,-0.09027346969,0,1.11,0.00,,,,
,,654,9.80666666666667,9.80666666666667,654,-0.1454558372,0.0000,1.19,0.00,,654,0.0012534454,1.00,0.01,,,,654,-0.09023422748,0,1.11,0.00,,,,
,,653,16.522,16.522,653,-0.145522058,0.0000,1.19,0.00,,653,0.001976977801,1.00,0.03,,,,653,-0.09034731239,0,1.11,0.00,,,,
,,652,19.244,19.244,652,-0.1447908133,0.0000,1.19,0.00,,652,0.001601927099,1.00,0.03,,,,652,-0.09043968469,0,1.11,0.00,,,,
,,651,11.4883333333333,11.4883333333333,651,-0.1409147084,0.0000,1.18,0.00,,651,0.001794701559,1.00,0.02,,,,651,-0.09040424228,0,1.11,0.00,,,,
,,650,25.768,25.768,650,-0.1402706057,0.0000,1.18,0.00,,650,0.001346628647,1.00,0.03,,,,650,-0.09062045813,0,1.11,0.00,,,,
,,649,20.11,20.11,649,-0.1409487724,0.0000,1.18,0.00,,649,0.001255626092,1.00,0.03,,,,649,-0.09057594836,0,1.11,0.00,,,,
,,648,18.0633333333333,18.0633333333333,648,-0.1411959529,0.0000,1.18,0.00,,648,0.001216582721,1.00,0.02,,,,648,-0.09066991508,0,1.11,0.00,,,,
,,647,11.31,11.31,647,-0.1415926218,0.0000,1.18,0.00,,647,0.001266477979,1.00,0.01,,,,647,-0.09073545039,0,1.11,0.00,,,,
,,646,24.49,24.49,646,-0.1416851282,0.0000,1.18,0.00,,646,0.00114766811,1.00,0.03,,,,646,-0.09087738395,0,1.11,0.00,,,,
,,645,20.365,20.365,645,-0.1422112584,0.0000,1.18,0.00,,645,0.001209002803,1.00,0.02,,,,645,-0.0908696577,0,1.11,0.00,,,,
,,644,17.242,17.242,644,-0.1421299726,0.0000,1.18,0.00,,644,0.001112475293,1.00,0.02,,,,644,-0.0909166038,0,1.11,0.00,,,,
,,643,26.08,26.08,643,-0.1424020082,0.0000,1.18,0.00,,643,0.001187821501,1.00,0.03,,,,643,-0.09098844975,0,1.11,0.00,,,,
,,642,14.3333333333333,14.3333333333333,642,-0.1424159855,0.0000,1.18,0.00,,642,0.001141542918,1.00,0.02,,,,642,-0.09111972153,0,1.11,0.00,,,,
,,641,27.856,27.856,641,-0.1428111643,0.0000,1.18,0.00,,641,0.001138220774,1.00,0.03,,,,641,-0.09116383642,0,1.11,0.00,,,,
,,640,19.004,19.004,640,-0.1435709298,0.0000,1.18,0.00,,640,0.001027930761,1.00,0.02,,,,640,-0.09110305458,0,1.11,0.00,,,,
,,639,25.1266666666667,25.1266666666667,639,-0.1437737346,0.0000,1.19,0.00,,639,0.0007836017176,1.00,0.02,,,,639,-0.09123525769,0,1.11,0.00,,,,
,,638,18.718,18.718,638,-0.1440365165,0.0000,1.19,0.00,,638,0.001673928113,1.00,0.03,,,,638,-0.09110683948,0,1.11,0.00,,,,
,,637,25.274,25.274,637,-0.143452704,0.0000,1.18,0.00,,637,0.00175184093,1.00,0.04,,,,637,-0.09120617807,0,1.11,0.00,,,,
,,636,24.9083333333333,24.9083333333333,636,-0.1434669197,0.0000,1.18,0.00,,636,0.001478427905,1.00,0.04,,,,636,-0.09120491892,0,1.11,0.00,,,,
,,635,31.972,31.972,635,-0.1435454935,0.0000,1.18,0.00,,635,0.001299554249,1.00,0.04,,,,635,-0.09133071452,0,1.11,0.00,,,,
,,634,15.53,15.53,634,-0.1434458494,0.0000,1.18,0.00,,634,0.001171754557,1.00,0.02,,,,634,-0.0912674889,0,1.11,0.00,,,,
,,633,30.61,30.61,633,-0.1435799301,0.0000,1.18,0.00,,633,0.001205680193,1.00,0.04,,,,633,-0.09132840484,0,1.11,0.00,,,,
,,632,25.142,25.142,632,-0.1434545219,0.0000,1.18,0.00,,632,0.00127538282,1.00,0.03,,,,632,-0.09144607186,0,1.11,0.00,,,,
,,631,48.66,48.66,631,-0.1435306817,0.0000,1.18,0.00,,631,0.001188781927,1.00,0.06,,,,631,-0.09127130359,0,1.11,0.00,,,,
,,630,38.9166666666667,38.9166666666667,630,-0.1434521377,0.0000,1.18,0.00,,630,0.001184810535,1.00,0.05,,,,630,-0.09130520374,0,1.11,0.00,,,,
,,629,25.888,25.888,629,-0.1436442137,0.0000,1.19,0.00,,629,0.000734643545,1.00,0.02,,,,629,-0.09121087939,0,1.11,0.00,,,,
,,628,31.184,31.184,628,-0.143746689,0.0000,1.19,0.00,,628,0.0008633002872,1.00,0.03,,,,628,-0.0913528204,0,1.11,0.00,,,,
,,627,18.606,18.606,627,-0.143621698,0.0000,1.18,0.00,,627,0.001066048979,1.00,0.02,,,,627,-0.09114981443,0,1.11,0.00,,,,
,,626,40.2333333333333,40.2333333333333,626,-0.1437765956,0.0000,1.19,0.00,,626,0.00106879964,1.00,0.04,,,,626,-0.09122862667,0,1.11,0.00,,,,
,,625,30.482,30.482,625,-0.1437739879,0.0000,1.19,0.00,,625,0.0009982999181,1.00,0.03,,,,625,-0.09116605669,0,1.11,0.00,,,,
,,624,25.696,25.696,624,-0.1435786337,0.0000,1.18,0.00,,624,0.001940469607,1.00,0.05,,,,624,-0.09106372297,0,1.11,0.00,,,,
,,623,44.0416666666667,44.0416666666667,623,-0.1438141018,0.0000,1.19,0.00,,623,0.001594756148,1.00,0.07,,,,623,-0.09111279994,0,1.11,0.00,,,,
,,622,44.206,44.206,622,-0.1435344368,0.0000,1.18,0.00,,622,0.0006364325527,1.00,0.03,,,,622,-0.09096359462,0,1.11,0.00,,,,
,,621,36.654,36.654,621,-0.1428031176,0.0000,1.18,0.00,,621,0.001053074375,1.00,0.04,,,,621,-0.09078977257,0,1.11,0.00,,,,
,,620,22.712,22.712,620,-0.1395861357,0.0000,1.18,0.00,,620,0.001197114121,1.00,0.03,,,,620,-0.09078388661,0,1.11,0.00,,,,
,,619,46.97,46.97,619,-0.1384867728,0.0000,1.18,0.00,,619,0.001212896546,1.00,0.06,,,,619,-0.09082971513,0,1.11,0.00,,,,
,,618,35.206,35.206,618,-0.1386478394,0.0000,1.18,0.00,,618,0.001119352644,1.00,0.04,,,,618,-0.09056662023,0,1.11,0.00,,,,
,,617,43.968,43.968,617,-0.1390232146,0.0000,1.18,0.00,,617,0.001247292734,1.00,0.05,,,,617,-0.09045448154,0,1.11,0.00,,,,
,,616,44.978,44.978,616,-0.1395888776,0.0000,1.18,0.00,,616,0.002061889507,1.00,0.09,,,,616,-0.09042627364,0,1.11,0.00,,,,
,,615,32.2366666666667,32.2366666666667,615,-0.139622286,0.0000,1.18,0.00,,615,0.001889248961,1.00,0.06,,,,615,-0.09019856155,0,1.11,0.00,,,,
,,614,39.182,39.182,614,-0.1398693323,0.0000,1.18,0.00,,614,0.001853086054,1.00,0.07,,,,614,-0.0902018398,0,1.11,0.00,,,,
,,613,45.16,45.16,613,-0.1398763061,0.0000,1.18,0.00,,613,0.001432066434,1.00,0.06,,,,613,-0.09001904726,0,1.11,0.00,,,,
,,612,28.998,28.998,612,-0.1401880682,0.0000,1.18,0.00,,612,0.00132219505,1.00,0.04,,,,612,-0.08989930898,0,1.11,0.00,,,,
,,611,44.2766666666667,44.2766666666667,611,-0.1400392801,0.0000,1.18,0.00,,611,0.001259598183,1.00,0.06,,,,611,-0.08991004527,0,1.11,0.00,,,,
,,610,40.83,40.83,610,-0.1403034776,0.0000,1.18,0.00,,610,0.001108971774,1.00,0.05,,,,610,-0.08977769315,0,1.11,0.00,,,,
,,609,32.204,32.204,609,-0.1402491033,0.0000,1.18,0.00,,609,0.0009462562739,1.00,0.03,,,,609,-0.08958485723,0,1.11,0.00,,,,
,,608,47.65,47.65,608,-0.1403815001,0.0000,1.18,0.00,,608,0.001025595469,1.00,0.05,,,,608,-0.08959838003,0,1.11,0.00,,,,
,,607,57.562,57.562,607,-0.140442282,0.0000,1.18,0.00,,607,0.0009640012286,1.00,0.06,,,,607,-0.08957158774,0,1.11,0.00,,,,
,,606,41.858,41.858,606,-0.1405523866,0.0000,1.18,0.00,,606,0.00112874771,1.00,0.05,,,,606,-0.08952882886,0,1.11,0.00,,,,
,,605,29.018,29.018,605,-0.1404889673,0.0000,1.18,0.00,,605,0.0009174092556,1.00,0.03,,,,605,-0.08942455053,0,1.11,0.00,,,,
,,604,37.174,37.174,604,-0.1407617182,0.0000,1.18,0.00,,604,0.001128643868,1.00,0.04,,,,604,-0.08941949904,0,1.11,0.00,,,,
,,603,30.885,30.885,603,-0.1416984349,0.0000,1.18,0.00,,603,0.001060547656,1.00,0.03,,,,603,-0.08961227536,0,1.11,0.00,,,,
,,602,29.038,29.038,602,-0.1409649402,0.0000,1.18,0.00,,602,0.001072380692,1.00,0.03,,,,602,-0.08943551034,0,1.11,0.00,,,,
,,601,39.456,39.456,601,-0.141247198,0.0000,1.18,0.00,,601,0.0008205055492,1.00,0.03,,,,601,-0.08959046006,0,1.11,0.00,,,,
,,600,54.472,54.472,600,-0.1408160478,0.0000,1.18,0.00,,600,0.0009574635187,1.00,0.05,,,,600,-0.08934456855,0,1.11,0.00,,,,
,,599,37.3183333333333,37.3183333333333,599,-0.140737161,0.0000,1.18,0.00,,599,0.001005045837,1.00,0.04,,,,599,-0.0894991681,0,1.11,0.00,,,,
,,598,54.684,54.684,598,-0.1406511515,0.0000,1.18,0.00,,598,0.0009514188278,1.00,0.05,,,,598,-0.08944692463,0,1.11,0.00,,,,
,,597,50.72,50.72,597,-0.1406022459,0.0000,1.18,0.00,,597,0.001102769165,1.00,0.06,,,,597,-0.08946921676,0,1.11,0.00,,,,
,,596,42.214,42.214,596,-0.1407597363,0.0000,1.18,0.00,,596,0.001007536543,1.00,0.04,,,,596,-0.08936133981,0,1.11,0.00,,,,
,,595,50.1883333333333,50.1883333333333,595,-0.1405844837,0.0000,1.18,0.00,,595,0.001850954373,1.00,0.09,,,,595,-0.08930271864,0,1.11,0.00,,,,
,,594,41.428,41.428,594,-0.1407054067,0.0000,1.18,0.00,,594,0.001384878764,1.00,0.06,,,,594,-0.08945383877,0,1.11,0.00,,,,
,,593,40.792,40.792,593,-0.1404975504,0.0000,1.18,0.00,,593,0.0009951086249,1.00,0.04,,,,593,-0.08939159662,0,1.11,0.00,,,,
,,592,42.482,42.482,592,-0.1404481679,0.0000,1.18,0.00,,592,0.001071264851,1.00,0.05,,,,592,-0.08940900117,0,1.11,0.00,,,,
,,591,47.264,47.264,591,-0.1401551068,0.0000,1.18,0.00,,591,0.001146240626,1.00,0.05,,,,591,-0.08932724595,0,1.11,0.00,,,,
,,590,42.25,42.25,590,-0.1373113096,0.0000,1.18,0.00,,590,0.001253938652,1.00,0.05,,,,590,-0.08934920281,0,1.11,0.00,,,,
,,589,30.166,30.166,589,-0.1348714083,0.0000,1.17,0.00,,589,0.001273617381,1.00,0.04,,,,589,-0.08925382048,0,1.11,0.00,,,,
,,588,34.98,34.98,588,-0.1357648373,0.0000,1.17,0.00,,588,0.001099966466,1.00,0.04,,,,588,-0.08927632868,0,1.11,0.00,,,,
,,587,59.362,59.362,587,-0.1360106766,0.0000,1.17,0.00,,587,0.001296853996,1.00,0.08,,,,587,-0.08938156813,0,1.11,0.00,,,,
,,586,38.774,38.774,586,-0.136635527,0.0000,1.17,0.00,,586,0.001440844848,1.00,0.06,,,,586,-0.0893201232,0,1.11,0.00,,,,
,,585,24.785,24.785,585,-0.136921227,0.0000,1.18,0.00,,585,0.001447467715,1.00,0.04,,,,585,-0.0894459188,0,1.11,0.00,,,,
,,584,40.488,40.488,584,-0.1369496584,0.0000,1.18,0.00,,584,0.00119610189,1.00,0.05,,,,584,-0.08947780728,0,1.11,0.00,,,,
,,583,31.962,31.962,583,-0.1373562217,0.0000,1.18,0.00,,583,0.001129604178,1.00,0.04,,,,583,-0.08961395919,0,1.11,0.00,,,,
,,582,53.318,53.318,582,-0.137163654,0.0000,1.18,0.00,,582,0.001151950564,1.00,0.06,,,,582,-0.0895260945,0,1.11,0.00,,,,
,,581,32.59,32.59,581,-0.1374593377,0.0000,1.18,0.00,,581,0.001334113069,1.00,0.04,,,,581,-0.08963266015,0,1.11,0.00,,,,
,,580,30.23,30.23,580,-0.1373341084,0.0000,1.18,0.00,,580,0.001383528463,1.00,0.04,,,,580,-0.08958435059,0,1.11,0.00,,,,
,,579,42.376,42.376,579,-0.1374731362,0.0000,1.18,0.00,,579,0.001134249847,1.00,0.05,,,,579,-0.08956956863,0,1.11,0.00,,,,
,,578,46.954,46.954,578,-0.1374751031,0.0000,1.18,0.00,,578,0.001205576351,1.00,0.06,,,,578,-0.08955848962,0,1.11,0.00,,,,
,,577,40.726,40.726,577,-0.1374066323,0.0000,1.18,0.00,,577,0.001137312385,1.00,0.05,,,,577,-0.08966016024,0,1.11,0.00,,,,
,,576,35.114,35.114,576,-0.1374379843,0.0000,1.18,0.00,,576,0.001321571879,1.00,0.05,,,,576,-0.08955629915,0,1.11,0.00,,,,
,,575,37.24,37.24,575,-0.1375860423,0.0000,1.18,0.00,,575,0.002004256938,1.00,0.07,,,,575,-0.08953573555,0,1.11,0.00,,,,
,,574,32.7366666666667,32.7366666666667,574,-0.1371520311,0.0000,1.18,0.00,,574,0.001171365147,1.00,0.04,,,,574,-0.08964592963,0,1.11,0.00,,,,
,,573,23.78,23.78,573,-0.1374800503,0.0000,1.18,0.00,,573,0.0009576969896,1.00,0.02,,,,573,-0.08951084316,0,1.11,0.00,,,,
,,572,47.998,47.998,572,-0.137260288,0.0000,1.18,0.00,,572,0.001081385417,1.00,0.05,,,,572,-0.08969338983,0,1.11,0.00,,,,
,,571,42.19,42.19,571,-0.1373103708,0.0000,1.18,0.00,,571,0.001130304881,1.00,0.05,,,,571,-0.08952655643,0,1.11,0.00,,,,
,,570,43.24,43.24,570,-0.1373097301,0.0000,1.18,0.00,,570,0.001114759129,1.00,0.05,,,,570,-0.08957963437,0,1.11,0.00,,,,
,,569,35.9,35.9,569,-0.1327684671,0.0000,1.17,0.00,,569,0.0008672946715,1.00,0.03,,,,569,-0.08515097946,0,1.10,0.00,,,,
,,568,35.8733333333333,35.8733333333333,568,-0.1326924562,0.0000,1.17,0.00,,568,0.0007677571266,1.00,0.03,,,,568,-0.08494654298,0,1.10,0.00,,,,
,,567,27.032,27.032,567,-0.1327675879,0.0000,1.17,0.00,,567,0.001254198258,1.00,0.03,,,,567,-0.08506454527,0,1.10,0.00,,,,
,,566,23.404,23.404,566,-0.1327231973,0.0000,1.17,0.00,,566,0.0009759872919,1.00,0.02,,,,566,-0.08494326472,0,1.10,0.00,,,,
,,565,36.708,36.708,565,-0.1327783018,0.0000,1.17,0.00,,565,0.001130460645,1.00,0.04,,,,565,-0.08485457301,0,1.10,0.00,,,,
,,564,49.288,49.288,564,-0.1327159107,0.0000,1.17,0.00,,564,0.001834784867,1.00,0.09,,,,564,-0.08482889831,0,1.10,0.00,,,,
,,563,34.448,34.448,563,-0.1326649189,0.0000,1.17,0.00,,563,0.001499000005,1.00,0.05,,,,563,-0.08472821116,0,1.10,0.00,,,,
,,562,32.23,32.23,562,-0.132756725,0.0000,1.17,0.00,,562,0.0008578534471,1.00,0.03,,,,562,-0.08476216346,0,1.10,0.00,,,,
,,561,53.18,53.18,561,-0.1326087266,0.0000,1.17,0.00,,561,0.001010442618,1.00,0.05,,,,561,-0.08469098061,0,1.10,0.00,,,,
,,560,51.99,51.99,560,-0.1325759143,0.0000,1.17,0.00,,560,0.00110323634,1.00,0.06,,,,560,-0.08457565308,0,1.10,0.00,,,,
,,559,55.318,55.318,559,-0.132492587,0.0000,1.17,0.00,,559,0.00124181516,1.00,0.07,,,,559,-0.08453712612,0,1.10,0.00,,,,
,,558,39.072,39.072,558,-0.1324145347,0.0000,1.17,0.00,,558,0.001588390791,1.00,0.06,,,,558,-0.08452945948,0,1.10,0.00,,,,
,,557,29.602,29.602,557,-0.1322207302,0.0000,1.17,0.00,,557,0.001269229921,1.00,0.04,,,,557,-0.08435431868,0,1.10,0.00,,,,
,,556,50.958,50.958,556,-0.1322689056,0.0000,1.17,0.00,,556,0.001192701398,1.00,0.06,,,,556,-0.08438237011,0,1.10,0.00,,,,
,,555,43.49,43.49,555,-0.1320249885,0.0000,1.17,0.00,,555,0.001693495899,1.00,0.07,,,,555,-0.08430746198,0,1.10,0.00,,,,
,,554,27.914,27.914,554,-0.132056132,0.0000,1.17,0.00,,554,0.001357690548,1.00,0.04,,,,554,-0.08421382308,0,1.10,0.00,,,,
,,553,40.34,40.34,553,-0.1317876279,0.0000,1.17,0.00,,553,0.0007710245554,1.00,0.03,,,,553,-0.08423330635,0,1.10,0.00,,,,
,,552,29.238,29.238,552,-0.1316878647,0.0000,1.17,0.00,,552,0.00160093978,1.00,0.05,,,,552,-0.08405954391,0,1.10,0.00,,,,
,,551,37.044,37.044,551,-0.1316289455,0.0000,1.17,0.00,,551,0.001860001241,1.00,0.07,,,,551,-0.08406704664,0,1.10,0.00,,,,
,,550,34.446,34.446,550,-0.1314499229,0.0000,1.17,0.00,,550,0.001070123049,1.00,0.04,,,,550,-0.08392518014,0,1.10,0.00,,,,
,,549,27,27,549,-0.1314874887,0.0000,1.17,0.00,,549,0.001270216424,1.00,0.03,,,,549,-0.08393985778,0,1.10,0.00,,,,
,,548,38.128,38.128,548,-0.1311161667,0.0000,1.17,0.00,,548,0.002600144362,1.00,0.10,,,,548,-0.08369920403,0,1.10,0.00,,,,
,,547,34.69,34.69,547,-0.1311906129,0.0000,1.17,0.00,,547,0.002347251633,1.00,0.08,,,,547,-0.08380755037,0,1.10,0.00,,,,
,,546,31.756,31.756,546,-0.1308808327,0.0000,1.17,0.00,,546,0.001744303736,1.00,0.06,,,,546,-0.08373318613,0,1.10,0.00,,,,
,,545,40.51,40.51,545,-0.1308805197,0.0000,1.17,0.00,,545,0.001524300897,1.00,0.06,,,,545,-0.08349006623,0,1.10,0.00,,,,
,,544,35.612,35.612,544,-0.1307085901,0.0000,1.17,0.00,,544,0.001402122318,1.00,0.05,,,,544,-0.083568573,0,1.10,0.00,,,,
,,543,38.742,38.742,543,-0.1305574179,0.0000,1.17,0.00,,543,0.001500896295,1.00,0.06,,,,543,-0.08344665915,0,1.10,0.00,,,,
,,542,46.694,46.694,542,-0.1304269135,0.0000,1.17,0.00,,542,0.001315963455,1.00,0.06,,,,542,-0.0834363699,0,1.10,0.00,,,,
,,541,25.798,25.798,541,-0.1301777363,0.0000,1.17,0.00,,541,0.001363481162,1.00,0.04,,,,541,-0.08328347653,0,1.10,0.00,,,,
,,540,24.866,24.866,540,-0.1302530766,0.0000,1.17,0.00,,540,0.001368960366,1.00,0.03,,,,540,-0.08332318068,0,1.10,0.00,,,,
,,539,30.932,30.932,539,-0.1297823787,0.0000,1.17,0.00,,539,0.001403342932,1.00,0.04,,,,539,-0.08326727897,0,1.10,0.00,,,,
,,538,28.7733333333333,28.7733333333333,538,-0.1298528016,0.0000,1.17,0.00,,538,0.001296516508,1.00,0.04,,,,538,-0.08319637179,0,1.10,0.00,,,,
,,537,50.676,50.676,537,-0.1295067072,0.0000,1.16,0.00,,537,0.001343434793,1.00,0.07,,,,537,-0.08307260275,0,1.10,0.00,,,,
,,536,43.4,43.4,536,-0.1294157207,0.0000,1.16,0.00,,536,0.001317729126,1.00,0.06,,,,536,-0.0830367282,0,1.10,0.00,,,,
,,535,37.796,37.796,535,-0.1293492615,0.0000,1.16,0.00,,535,0.001246410073,1.00,0.05,,,,535,-0.08291013539,0,1.10,0.00,,,,
,,534,29.584,29.584,534,-0.1290655881,0.0000,1.16,0.00,,534,0.00130555185,1.00,0.04,,,,534,-0.08287924528,0,1.10,0.00,,,,
,,533,29.452,29.452,533,-0.1290118098,0.0000,1.16,0.00,,533,0.001163682318,1.00,0.03,,,,533,-0.08285178244,0,1.10,0.00,,,,
,,532,37.486,37.486,532,-0.1279371977,0.0000,1.16,0.00,,532,0.001315522124,1.00,0.05,,,,532,-0.08282046765,0,1.10,0.00,,,,
,,531,18.126,18.126,531,-0.1262464821,0.0000,1.16,0.00,,531,0.001276421361,1.00,0.02,,,,531,-0.08279269934,0,1.10,0.00,,,,
,,530,36.212,36.212,530,-0.124642536,0.0000,1.16,0.00,,530,0.001230107271,1.00,0.04,,,,530,-0.08265127242,0,1.10,0.00,,,,
,,529,36.732,36.732,529,-0.1244292483,0.0000,1.16,0.00,,529,0.001249187859,1.00,0.05,,,,529,-0.08263538778,0,1.10,0.00,,,,
,,528,25.104,25.104,528,-0.1250373274,0.0000,1.16,0.00,,528,0.001388228731,1.00,0.03,,,,528,-0.08255093545,0,1.10,0.00,,,,
,,527,23.646,23.646,527,-0.1249294728,0.0000,1.16,0.00,,527,0.001407913631,1.00,0.03,,,,527,-0.0824206844,0,1.10,0.00,,,,
,,526,19.5583333333333,19.5583333333333,526,-0.1250438541,0.0000,1.16,0.00,,526,0.001311783213,1.00,0.03,,,,526,-0.08239456266,0,1.10,0.00,,,,
,,525,47.852,47.852,525,-0.1251213253,0.0000,1.16,0.00,,525,0.001331594423,1.00,0.06,,,,525,-0.08234976977,0,1.10,0.00,,,,
,,524,13.268,13.268,524,-0.125105992,0.0000,1.16,0.00,,524,0.001377425855,1.00,0.02,,,,524,-0.08223706484,0,1.10,0.00,,,,
,,523,32.992,32.992,523,-0.1250927895,0.0000,1.16,0.00,,523,0.001217335463,1.00,0.04,,,,523,-0.08221800625,0,1.10,0.00,,,,
,,522,40.276,40.276,522,-0.1249084622,0.0000,1.16,0.00,,522,0.001313444925,1.00,0.05,,,,522,-0.08215107769,0,1.10,0.00,,,,
,,521,38.69,38.69,521,-0.1248172,0.0000,1.16,0.00,,521,0.001327362028,1.00,0.05,,,,521,-0.0820716694,0,1.10,0.00,,,,
,,520,41.388,41.388,520,-0.1248173565,0.0000,1.16,0.00,,520,0.001270424109,1.00,0.05,,,,520,-0.08207561076,0,1.10,0.00,,,,
,,519,23.516,23.516,519,-0.1245533153,0.0000,1.16,0.00,,519,0.001091895509,1.00,0.03,,,,519,-0.08195131272,0,1.10,0.00,,,,
,,518,27.012,27.012,518,-0.1241264269,0.0000,1.16,0.00,,518,0.001257910742,1.00,0.03,,,,518,-0.08190590888,0,1.10,0.00,,,,
,,517,22.154,22.154,517,-0.1240402907,0.0000,1.16,0.00,,517,0.001350212027,1.00,0.03,,,,517,-0.08189429343,0,1.10,0.00,,,,
,,516,29.984,29.984,516,-0.1238319948,0.0000,1.16,0.00,,516,0.001281406148,1.00,0.04,,,,516,-0.08180291951,0,1.10,0.00,,,,
,,515,31.162,31.162,515,-0.123834528,0.0000,1.16,0.00,,515,0.001370024984,1.00,0.04,,,,515,-0.08151490241,0,1.10,0.00,,,,
,,514,30.916,30.916,514,-0.1234918684,0.0000,1.16,0.00,,514,0.001232209965,1.00,0.04,,,,514,-0.08162470162,0,1.10,0.00,,,,
,,513,35.17,35.17,513,-0.1234092638,0.0000,1.16,0.00,,513,0.001198308193,1.00,0.04,,,,513,-0.08150515705,0,1.10,0.00,,,,
,,512,27.836,27.836,512,-0.123260431,0.0000,1.16,0.00,,512,0.001282210927,1.00,0.04,,,,512,-0.08150602132,0,1.10,0.00,,,,
,,511,20.514,20.514,511,-0.1230481341,0.0000,1.16,0.00,,511,0.001299969619,1.00,0.03,,,,511,-0.08142451942,0,1.10,0.00,,,,
,,510,34.0483333333333,34.0483333333333,510,-0.1228303909,0.0000,1.16,0.00,,510,0.001282808022,1.00,0.04,,,,510,-0.08134862781,0,1.10,0.00,,,,
,,509,28.82,28.82,509,-0.1228105724,0.0000,1.16,0.00,,509,0.001215985627,1.00,0.03,,,,509,-0.08130479604,0,1.10,0.00,,,,
,,508,20.584,20.584,508,-0.1222605109,0.0000,1.15,0.00,,508,0.001149770455,1.00,0.02,,,,508,-0.08107444644,0,1.10,0.00,,,,
,,507,34.224,34.224,507,-0.122498922,0.0000,1.16,0.00,,507,0.001310407184,1.00,0.04,,,,507,-0.08118645847,0,1.10,0.00,,,,
,,506,13.8,13.8,506,-0.1221058145,0.0000,1.15,0.00,,506,0.001388098928,1.00,0.02,,,,506,-0.08120947331,0,1.10,0.00,,,,
,,505,30.18,30.18,505,-0.1218697205,0.0000,1.15,0.00,,505,0.00115672627,1.00,0.03,,,,505,-0.08109304309,0,1.10,0.00,,,,
,,504,18.634,18.634,504,-0.1216790453,0.0000,1.15,0.00,,504,0.001038491377,1.00,0.02,,,,504,-0.08109484613,0,1.10,0.00,,,,
,,503,14.918,14.918,503,-0.1215580255,0.0000,1.15,0.00,,503,0.001461986569,1.00,0.02,,,,503,-0.08105837554,0,1.10,0.00,,,,
,,502,35.122,35.122,502,-0.1212503761,0.0000,1.15,0.00,,502,0.001261934638,1.00,0.04,,,,502,-0.08118490875,0,1.10,0.00,,,,
,,501,20.554,20.554,501,-0.1210495159,0.0000,1.15,0.00,,501,0.001164383139,1.00,0.02,,,,501,-0.08101309836,0,1.10,0.00,,,,
,,500,42.136,42.136,500,-0.1208008602,0.0000,1.15,0.00,,500,0.0011467078,1.00,0.05,,,,500,-0.08100867271,0,1.10,0.00,,,,
,,499,16.248,16.248,499,-0.1208188534,0.0000,1.15,0.00,,499,0.001297061797,1.00,0.02,,,,499,-0.08094843477,0,1.10,0.00,,,,
,,498,30.468,30.468,498,-0.1203233302,0.0000,1.15,0.00,,498,0.001371972612,1.00,0.04,,,,498,-0.08087589592,0,1.10,0.00,,,,
,,497,37.58,37.58,497,-0.1201677769,0.0000,1.15,0.00,,497,0.001193090808,1.00,0.04,,,,497,-0.08083498478,0,1.10,0.00,,,,
,,496,19.004,19.004,496,-0.11994721,0.0000,1.15,0.00,,496,0.001086653443,1.00,0.02,,,,496,-0.0807781592,0,1.10,0.00,,,,
,,495,18.762,18.762,495,-0.1196950153,0.0000,1.15,0.00,,495,0.001247604261,1.00,0.02,,,,495,-0.08063641936,0,1.10,0.00,,,,
,,494,34.936,34.936,494,-0.1192735061,0.0000,1.15,0.00,,494,0.001368025551,1.00,0.05,,,,494,-0.08068891615,0,1.10,0.00,,,,
,,493,4.194,4.194,493,-0.119225353,0.0000,1.15,0.00,,493,0.001286183251,1.00,0.01,,,,493,-0.08062300086,0,1.10,0.00,,,,
,,492,23.676,23.676,492,-0.1189708114,0.0000,1.15,0.00,,492,0.0009840300772,1.00,0.02,,,,492,-0.08049411327,0,1.10,0.00,,,,
,,491,36.45,36.45,491,-0.1187785789,0.0000,1.15,0.00,,491,0.001214194461,1.00,0.04,,,,491,-0.08043470979,0,1.10,0.00,,,,
,,490,22.654,22.654,490,-0.1184466109,0.0000,1.15,0.00,,490,0.001340942108,1.00,0.03,,,,490,-0.08056632429,0,1.10,0.00,,,,
,,489,24.096,24.096,489,-0.1181896701,0.0000,1.15,0.00,,489,0.001444922527,1.00,0.03,,,,489,-0.08028914779,0,1.10,0.00,,,,
,,488,17.412,17.412,488,-0.1181007698,0.0000,1.15,0.00,,488,0.001599432784,1.00,0.03,,,,488,-0.080299519,0,1.10,0.00,,,,
,,487,17.574,17.574,487,-0.1177975312,0.0000,1.15,0.00,,487,0.001176945749,1.00,0.02,,,,487,-0.08025997132,0,1.10,0.00,,,,
,,486,23.294,23.294,486,-0.1174455285,0.0000,1.15,0.00,,486,0.001328842132,1.00,0.03,,,,486,-0.08008124679,0,1.10,0.00,,,,
,,485,24.58,24.58,485,-0.1170917004,0.0000,1.15,0.00,,485,0.001375400345,1.00,0.03,,,,485,-0.08022248745,0,1.10,0.00,,,,
,,484,24.068,24.068,484,-0.11570324,0.0000,1.15,0.00,,484,0.001370232785,1.00,0.03,,,,484,-0.08002148569,0,1.10,0.00,,,,
,,483,22.168,22.168,483,-0.114017047,0.0000,1.14,0.00,,483,0.001322091208,1.00,0.03,,,,483,-0.07999479026,0,1.10,0.00,,,,
,,482,19.232,19.232,482,-0.1134437323,0.0000,1.14,0.00,,482,0.001358729205,1.00,0.03,,,,482,-0.07983482629,0,1.10,0.00,,,,
,,481,33.62,33.62,481,-0.1136019453,0.0000,1.14,0.00,,481,0.0020824112,1.00,0.07,,,,481,-0.07985644788,0,1.10,0.00,,,,
,,480,20.742,20.742,480,-0.1136554703,0.0000,1.14,0.00,,480,0.001428326592,1.00,0.03,,,,480,-0.07961631566,0,1.10,0.00,,,,
,,479,24.18,24.18,479,-0.1147475243,0.0000,1.14,0.00,,479,0.001033353736,1.00,0.02,,,,479,-0.07929885387,0,1.10,0.00,,,,
,,478,29.87,29.87,478,-0.1135085896,0.0000,1.14,0.00,,478,0.001364597818,1.00,0.04,,,,478,-0.07911783457,0,1.10,0.00,,,,
,,477,25.516,25.516,477,-0.1131538525,0.0000,1.14,0.00,,477,0.001567061059,1.00,0.04,,,,477,-0.07897266001,0,1.10,0.00,,,,
,,476,8.976,8.976,476,-0.1131025851,0.0000,1.14,0.00,,476,0.001603875658,1.00,0.01,,,,476,-0.07907322049,0,1.10,0.00,,,,
,,475,12.826,12.826,475,-0.1128401086,0.0000,1.14,0.00,,475,0.001600524061,1.00,0.02,,,,475,-0.07894930989,0,1.10,0.00,,,,
,,474,24.704,24.704,474,-0.1129637435,0.0000,1.14,0.00,,474,0.001664469368,1.00,0.04,,,,474,-0.07898103446,0,1.10,0.00,,,,
,,473,28.826,28.826,473,-0.1125534251,0.0000,1.14,0.00,,473,0.001793999691,1.00,0.05,,,,473,-0.07882643491,0,1.10,0.00,,,,
,,472,32.52,32.52,472,-0.1126400381,0.0000,1.14,0.00,,472,0.001987613738,1.00,0.06,,,,472,-0.07879245281,0,1.10,0.00,,,,
,,471,30.526,30.526,471,-0.1121415645,0.0000,1.14,0.00,,471,0.002006909577,1.00,0.06,,,,471,-0.07859705389,0,1.10,0.00,,,,
,,470,46.174,46.174,470,-0.1122087017,0.0000,1.14,0.00,,470,0.001998821739,1.00,0.09,,,,470,-0.07867105305,0,1.10,0.00,,,,
,,469,27.15,27.15,469,-0.1118077189,0.0000,1.14,0.00,,469,0.002301239641,1.00,0.06,,,,469,-0.07856275141,0,1.10,0.00,,,,
,,468,25.926,25.926,468,-0.1118181273,0.0000,1.14,0.00,,468,0.002339131432,1.00,0.06,,,,468,-0.07843095809,0,1.10,0.00,,,,
,,467,21.732,21.732,467,-0.1115312874,0.0000,1.14,0.00,,467,0.002595743397,1.00,0.06,,,,467,-0.07846384495,0,1.10,0.00,,,,
,,466,20.548,20.548,466,-0.1112790406,0.0000,1.14,0.00,,466,0.002777965507,1.00,0.06,,,,466,-0.0783758983,0,1.10,0.00,,,,
,,465,34.182,34.182,465,-0.1110754386,0.0000,1.14,0.00,,465,0.003049643245,1.00,0.10,,,,465,-0.07818540931,0,1.10,0.00,,,,
,,464,25.092,25.092,464,-0.110703662,0.0000,1.14,0.00,,464,0.003292277222,1.00,0.08,,,,464,-0.07816560566,0,1.10,0.00,,,,
,,463,16.536,16.536,463,-0.1106350869,0.0000,1.14,0.00,,463,0.003729386721,1.00,0.06,,,,463,-0.07811072469,0,1.10,0.00,,,,
,,462,21.026,21.026,462,-0.1099417433,0.0000,1.14,0.00,,462,0.004256329034,0.99,0.09,,,,462,-0.07797325402,0,1.10,0.00,,,,
,,461,13.892,13.892,461,-0.110076569,0.0000,1.14,0.00,,461,0.004650373012,0.99,0.06,,,,461,-0.07798749208,0,1.10,0.00,,,,
,,460,22.672,22.672,460,-0.1095864922,0.0000,1.14,0.00,,460,0.00517159747,0.99,0.12,,,,460,-0.07787226886,0,1.10,0.00,,,,
,,459,25.516,25.516,459,-0.1093519926,0.0000,1.14,0.00,,459,0.00587988738,0.99,0.15,,,,459,-0.07790472358,0,1.10,0.00,,,,
,,458,17.736,17.736,458,-0.1089629829,0.0000,1.14,0.00,,458,0.00673162099,0.99,0.12,,,,458,-0.07767705619,0,1.09,0.00,,,,
,,457,20.042,20.042,457,-0.1087453514,0.0000,1.14,0.00,,457,0.007231714204,0.99,0.14,,,,457,-0.07764090598,0,1.09,0.00,,,,
,,456,48.0875,48.0875,456,-0.1084407121,0.0000,1.14,0.00,,456,0.00813144166,0.99,0.39,,,,456,-0.0775462091,0,1.09,0.00,,,,
,,455,13.32,13.32,455,-0.108042568,0.0000,1.14,0.00,,455,0.009292684495,0.99,0.12,,,,455,-0.07748220116,0,1.09,0.00,,,,
,,454,9.258,9.258,454,-0.1077506021,0.0000,1.13,0.00,,454,0.01031427085,0.99,0.09,,,,454,-0.07737147808,0,1.09,0.00,,,,
,,453,22.882,22.882,453,-0.1074520871,0.0000,1.13,0.00,,453,0.01154205762,0.99,0.26,,,,453,-0.07743831724,0,1.09,0.00,,,,
,,452,22.768,22.768,452,-0.107146211,0.0000,1.13,0.00,,452,0.01266489178,0.99,0.28,,,,452,-0.07713776827,0,1.09,0.00,,,,
,,451,19.852,19.852,451,-0.1068311334,0.0000,1.13,0.00,,451,0.01394495089,0.98,0.27,,,,451,-0.07726406306,0,1.09,0.00,,,,
,,450,29.746,29.746,450,-0.1064225957,0.0000,1.13,0.00,,450,0.01531140413,0.98,0.45,,,,450,-0.07713439316,0,1.09,0.00,,,,
,,449,35.38,35.38,449,-0.1060712263,0.0000,1.13,0.00,,449,0.01677237265,0.98,0.58,,,,449,-0.07705961168,0,1.09,0.00,,,,
,,448,39.606,39.606,448,-0.1060378477,0.0000,1.13,0.00,,448,0.01826554164,0.98,0.71,,,,448,-0.0770086199,0,1.09,0.00,,,,
,,447,9.578,9.578,447,-0.1058389172,0.0000,1.13,0.00,,447,0.01997739077,0.98,0.19,,,,447,-0.07690398395,0,1.09,0.00,,,,
,,446,24.812,24.812,446,-0.1052862182,0.0000,1.13,0.00,,446,0.02168681845,0.98,0.52,,,,446,-0.07687076181,0,1.09,0.00,,,,
,,445,18.636,18.636,445,-0.1048840359,0.0000,1.13,0.00,,445,0.02334855683,0.97,0.42,,,,445,-0.07680460811,0,1.09,0.00,,,,
,,444,13.13,13.13,444,-0.104413949,0.0000,1.13,0.00,,444,0.02518235892,0.97,0.32,,,,444,-0.07675554603,0,1.09,0.00,,,,
,,443,14.418,14.418,443,-0.1039324328,0.0000,1.13,0.00,,443,0.0271626357,0.97,0.38,,,,443,-0.07665245235,0,1.09,0.00,,,,
,,442,18.714,18.714,442,-0.1037832126,0.0000,1.13,0.00,,442,0.02884906903,0.97,0.52,,,,442,-0.07646437734,0,1.09,0.00,,,,
,,441,15.026,15.026,441,-0.1032524183,0.0000,1.13,0.00,,441,0.03053563274,0.97,0.44,,,,441,-0.07650405914,0,1.09,0.00,,,,
,,440,8.512,8.512,440,-0.1027669609,0.0000,1.13,0.00,,440,0.03227675706,0.96,0.26,,,,440,-0.07643481344,0,1.09,0.00,,,,
,,439,30.44,30.44,439,-0.1026137769,0.0000,1.13,0.00,,439,0.03423801437,0.96,1.00,,,,439,-0.07626163214,0,1.09,0.00,,,,
,,438,14.398,14.398,438,-0.1017980874,0.0000,1.13,0.00,,438,0.03611496091,0.96,0.50,,,,438,-0.0761718452,0,1.09,0.00,,,,
,,437,30.344,30.344,437,-0.1016534939,0.0000,1.13,0.00,,437,0.03792174906,0.96,1.10,,,,437,-0.07611761987,0,1.09,0.00,,,,
,,436,45.52,45.52,436,-0.1010983512,0.0000,1.13,0.00,,436,0.03980289027,0.96,1.73,,,,436,-0.07597221434,0,1.09,0.00,,,,
,,435,84.802,84.802,435,-0.1007702351,0.0000,1.13,0.00,,435,0.04155238718,0.95,3.36,,,,435,-0.07587976009,0,1.09,0.00,,,,
,,434,35.71,35.71,434,-0.1003273129,0.0000,1.12,0.00,,434,0.04333667457,0.95,1.47,,,,434,-0.07590032369,0,1.09,0.00,,,,
,,433,14.718,14.718,433,-0.09969434887,0.0000,1.12,0.00,,433,0.04510373995,0.95,0.63,,,,433,-0.07565077394,0,1.09,0.00,,,,
,,432,14.004,14.004,432,-0.09930478781,0.0000,1.12,0.00,,432,0.04672063515,0.95,0.62,,,,432,-0.07561388612,0,1.09,0.00,,,,
,,431,31.882,31.882,431,-0.09746275097,0.0000,1.12,0.00,,431,0.04848933592,0.95,1.46,,,,431,-0.07553741336,0,1.09,0.00,,,,
,,430,15.616,15.616,430,-0.09648995847,0.0000,1.12,0.00,,430,0.05029244721,0.94,0.74,,,,430,-0.07537236065,0,1.09,0.00,,,,
,,429,19.438,19.438,429,-0.09588031471,0.0000,1.12,0.00,,429,0.05228648335,0.94,0.96,,,,429,-0.07532143593,0,1.09,0.00,,,,
,,428,32.964,32.964,428,-0.09547260404,0.0000,1.12,0.00,,428,0.0535101667,0.94,1.66,,,,428,-0.07535416633,0,1.09,0.00,,,,
,,427,18.86,18.86,427,-0.09536791593,0.0000,1.12,0.00,,427,0.05547159165,0.94,0.98,,,,427,-0.075002864,0,1.09,0.00,,,,
,,426,21.68,21.68,426,-0.09507107735,0.0000,1.12,0.00,,426,0.0570894517,0.94,1.16,,,,426,-0.07492174208,0,1.09,0.00,,,,
,,425,24.568,24.568,425,-0.09473512322,0.0000,1.12,0.00,,425,0.05897370353,0.93,1.35,,,,425,-0.07496975362,0,1.09,0.00,,,,
,,424,4.374,4.374,424,-0.09443327785,0.0000,1.12,0.00,,424,0.06086768955,0.93,0.25,,,,424,-0.07472442091,0,1.09,0.00,,,,
,,423,21.33,21.33,423,-0.09423308074,0.0000,1.12,0.00,,423,0.06271649152,0.93,1.25,,,,423,-0.07457445562,0,1.09,0.00,,,,
,,422,19.534,19.534,422,-0.09379391372,0.0000,1.12,0.00,,422,0.06458304822,0.93,1.17,,,,422,-0.07450559735,0,1.09,0.00,,,,
,,421,32.946,32.946,421,-0.09337934852,0.0000,1.12,0.00,,421,0.06640408933,0.93,2.03,,,,421,-0.07453621179,0,1.09,0.00,,,,
,,420,26.45,26.45,420,-0.09275118262,0.0000,1.11,0.00,,420,0.06833168119,0.93,1.67,,,,420,-0.07430887222,0,1.09,0.00,,,,
,,419,28.336,28.336,419,-0.09245263785,0.0000,1.11,0.00,,419,0.07030645013,0.92,1.84,,,,419,-0.07420632988,0,1.09,0.00,,,,
,,418,14.468,14.468,418,-0.09173163772,0.0000,1.11,0.00,,418,0.07193334401,0.92,0.96,,,,418,-0.07411725074,0,1.09,0.00,,,,
,,417,13.1725,13.1725,417,-0.09165409207,0.0000,1.11,0.00,,417,0.07446046174,0.92,0.90,,,,417,-0.07399588823,0,1.09,0.00,,,,
,,416,37.372,37.372,416,-0.09102657437,0.0000,1.11,0.00,,416,0.07643011957,0.92,2.62,,,,416,-0.0738016367,0,1.09,0.00,,,,
,,415,18.95,18.95,415,-0.09056636691,0.0000,1.11,0.00,,415,0.07728164643,0.92,1.34,,,,415,-0.07380910963,0,1.09,0.00,,,,
,,414,28.56,28.56,414,-0.09023906291,0.0000,1.11,0.00,,414,0.07847291231,0.91,2.05,,,,414,-0.07354091108,0,1.09,0.00,,,,
,,413,27.874,27.874,413,-0.08966058493,0.0000,1.11,0.00,,413,0.08027945459,0.91,2.04,,,,413,-0.07351224124,0,1.09,0.00,,,,
,,412,46.392,46.392,412,-0.08917262405,0.0000,1.11,0.00,,412,0.08139401674,0.91,3.44,,,,412,-0.07328156382,0,1.09,0.00,,,,
,,411,37.604,37.604,411,-0.08879177272,0.0000,1.11,0.00,,411,0.08257035911,0.91,2.83,,,,411,-0.07283267379,0,1.09,0.00,,,,
,,410,34.358,34.358,410,-0.08822344244,0.0000,1.11,0.00,,410,0.08346162736,0.91,2.61,,,,410,-0.07293803245,0,1.09,0.00,,,,
,,409,23.655,23.655,409,-0.08762416244,0.0000,1.11,0.00,,409,0.08472712338,0.91,1.82,,,,409,-0.07283806056,0,1.09,0.00,,,,
,,408,66.418,66.418,408,-0.08728379011,0.0000,1.11,0.00,,408,0.08587222546,0.91,5.17,,,,408,-0.07260479033,0,1.09,0.00,,,,
,,407,117.18,117.18,407,-0.08658447862,0.0000,1.11,0.00,,407,0.0865925625,0.91,9.20,,,,407,-0.07260461152,0,1.09,0.00,,,,
,,406,123.634,123.634,406,-0.08629006892,0.0000,1.11,0.00,,406,0.08717479557,0.91,9.76,,,,406,-0.07240172476,0,1.09,0.00,,,,
,,405,507.582,507.582,405,-0.08578874171,0.0000,1.11,0.00,,405,0.08786265552,0.91,40.37,,,,405,-0.07251108438,0,1.09,0.00,,,,
,,404,996.666,996.666,404,-0.08536319435,0.0000,1.10,0.00,,404,0.08833494037,0.90,79.65,,,,404,-0.0722469613,0,1.09,0.00,,,,
,,403,226.712,226.712,403,-0.0845316723,0.0000,1.10,0.00,,403,0.08871841431,0.90,18.19,,,,403,-0.07228351384,0,1.09,0.00,,,,
,,402,98.774,98.774,402,-0.08420076966,0.0000,1.10,0.00,,402,0.08907040954,0.90,7.95,,,,402,-0.07199503481,0,1.09,0.00,,,,
,,401,137.17,137.17,401,-0.083558321,0.0000,1.10,0.00,,401,0.08948649466,0.90,11.09,,,,401,-0.07185961306,0,1.09,0.00,,,,
,,400,147.832,147.832,400,-0.08301393688,0.0000,1.10,0.00,,400,0.09124399722,0.90,12.16,,,,400,-0.07162142545,0,1.09,0.00,,,,
,,399,181.3,181.3,399,-0.08267840743,0.0000,1.10,0.00,,399,0.09033764899,0.90,14.78,,,,399,-0.07121607661,0,1.09,0.00,,,,
,,398,227.718,227.718,398,-0.08182615787,0.0000,1.10,0.00,,398,0.08998809755,0.90,18.50,,,,398,-0.07129275054,0,1.09,0.00,,,,
,,397,275.346,275.346,397,-0.08148924261,0.0000,1.10,0.00,,397,0.0898058489,0.90,22.33,,,,397,-0.07069201767,0,1.09,0.00,,,,
,,396,334.882,334.882,396,-0.08086378127,0.0000,1.10,0.00,,396,0.09084514529,0.90,27.45,,,,396,-0.07019049674,0,1.09,0.00,,,,
,,395,387.264,387.264,395,-0.08031471074,0.0000,1.10,0.00,,395,0.09109602123,0.90,31.82,,,,395,-0.07012186199,0,1.09,0.00,,,,
,,394,485.246,485.246,394,-0.07960718125,0.0000,1.10,0.00,,394,0.09059601277,0.90,39.67,,,,394,-0.07000101358,0,1.08,0.00,,,,
,,393,580.1725,580.1725,393,-0.07915809751,0.0000,1.10,0.00,,393,0.0910314694,0.90,47.64,,,,393,-0.06976118684,0,1.08,0.00,,,,
,,392,674.498,674.498,392,-0.07780137658,0.0000,1.09,0.00,,392,0.09151728451,0.90,55.65,,,,392,-0.06984265894,0,1.08,0.00,,,,
,,391,825.254,825.254,391,-0.07733923942,0.0000,1.09,0.00,,391,0.09110163897,0.90,67.81,,,,391,-0.06944658607,0,1.08,0.00,,,,
,,390,1005.934,1005.934,390,-0.07674396038,0.0000,1.09,0.00,,390,0.09058861434,0.90,82.24,,,,390,-0.06932748854,0,1.08,0.00,,,,
,,389,1198.944,1198.944,389,-0.07598756254,0.0000,1.09,0.00,,389,0.09198239446,0.90,99.37,,,,389,-0.06899777055,0,1.08,0.00,,,,
,,388,1412.35,1412.35,388,-0.07567048073,0.0000,1.09,0.00,,388,0.09226958454,0.90,117.38,,,,388,-0.06885889173,0,1.08,0.00,,,,
,,387,1645.36,1645.36,387,-0.07470712066,0.0000,1.09,0.00,,387,0.09250389785,0.90,137.06,,,,387,-0.06861609221,0,1.08,0.00,,,,
,,386,1909.836,1909.836,386,-0.07417564839,0.0000,1.09,0.00,,386,0.0928286463,0.90,159.59,,,,386,-0.06844803691,0,1.08,0.00,,,,
,,385,2240.61,2240.61,385,-0.07326848805,0.0000,1.09,0.00,,385,0.09241354465,0.90,186.48,,,,385,-0.06813464314,0,1.08,0.00,,,,
,,384,2609.924,2609.924,384,-0.07276270539,0.0000,1.09,0.00,,384,0.09260018915,0.90,217.61,,,,384,-0.06782652438,0,1.08,0.00,,,,
,,383,3042.858,3042.858,383,-0.07193932682,0.0000,1.09,0.00,,383,0.0933233127,0.90,255.49,,,,383,-0.06769736856,0,1.08,0.00,,,,
,,382,3493.998,3493.998,382,-0.07130434364,0.0000,1.09,0.00,,382,0.09389291704,0.90,294.97,,,,382,-0.0672782287,0,1.08,0.00,,,,
,,381,4040.456,4040.456,381,-0.07053686678,0.0000,1.09,0.00,,381,0.09436145425,0.90,342.63,,,,381,-0.0669966042,0,1.08,0.00,,,,
,,380,4556.81,4556.81,380,-0.06973257661,0.0000,1.08,0.00,,380,0.09467829764,0.90,387.57,,,,380,-0.06686010212,0,1.08,0.00,,,,
,,379,5128.77,5128.77,379,-0.06899406016,0.0000,1.08,0.00,,379,0.09514107555,0.90,438.13,,,,379,-0.0665139854,0,1.08,0.00,,,,
,,378,5830.746,5830.746,378,-0.06803072244,0.0000,1.08,0.00,,378,0.096013017,0.90,502.17,,,,378,-0.06608902663,0,1.08,0.00,,,,
,,377,6577.33,6577.33,377,-0.06749846041,0.0000,1.08,0.00,,377,0.09724918008,0.90,572.98,,,,377,-0.06583773345,0,1.08,0.00,,,,
,,376,7372.422,7372.422,376,-0.06649865955,0.0000,1.08,0.00,,376,0.09777322412,0.90,645.33,,,,376,-0.06560775638,0,1.08,0.00,,,,
,,375,8175.478,8175.478,375,-0.06573276967,0.0000,1.08,0.00,,375,0.09876955301,0.89,722.12,,,,375,-0.06530161947,0,1.08,0.00,,,,
,,374,8929.3575,8929.3575,374,-0.06482718885,0.0000,1.08,0.00,,374,0.09942484647,0.89,793.36,,,,374,-0.06495255977,0,1.08,0.00,,,,
,,373,9661.692,9661.692,373,-0.06422458589,0.0000,1.08,0.00,,373,0.1006564796,0.89,867.88,,,,373,-0.06473473459,0,1.08,0.00,,,,
,,372,10426.312,10426.312,372,-0.06329959631,0.0000,1.08,0.00,,372,0.102086246,0.89,948.37,,,,372,-0.06431754678,0,1.08,0.00,,,,
,,371,11083.324,11083.324,371,-0.06227491051,0.0000,1.08,0.00,,371,0.1033755764,0.89,1019.40,,,,371,-0.06398637593,0,1.08,0.00,,,,
,,370,11648.052,11648.052,370,-0.06161412597,0.0000,1.07,0.00,,370,0.1042119339,0.89,1079.02,,,,370,-0.06363970041,0,1.08,0.00,,,,
,,369,11964.996,11964.996,369,-0.0606132336,0.0000,1.07,0.00,,369,0.1049925089,0.89,1115.72,,,,369,-0.06332250684,0,1.08,0.00,,,,
,,368,12055.0775,12055.0775,368,-0.05980698019,0.0000,1.07,0.00,,368,0.1055393219,0.89,1129.29,,,,368,-0.06312848628,0,1.08,0.00,,,,
,,367,12065.144,12065.144,367,-0.05899330974,0.0000,1.07,0.00,,367,0.1069993228,0.89,1144.02,,,,367,-0.06276118755,0,1.08,0.00,,,,
,,366,12181.228,12181.228,366,-0.05819232762,0.0000,1.07,0.00,,366,0.1070442349,0.89,1155.45,,,,366,-0.06234770268,0,1.08,0.00,,,,
,,365,12565.836,12565.836,365,-0.05713621527,0.0000,1.07,0.00,,365,0.1055855006,0.89,1177.59,,,,365,-0.06227863207,0,1.08,0.00,,,,
,,364,11221.75,11221.75,364,-0.05627999827,0.0000,1.07,0.00,,364,0.1062932238,0.89,1057.85,,,,364,-0.06181026623,0,1.07,0.00,,,,
,,363,9437.7675,9437.7675,363,-0.05534698814,0.0000,1.07,0.00,,363,0.1059403121,0.89,887.07,,,,363,-0.06159328297,0,1.07,0.00,,,,
,,362,8631.364,8631.364,362,-0.05452344939,0.0000,1.07,0.00,,362,0.1054877341,0.89,808.21,,,,362,-0.06113348901,0,1.07,0.00,,,,
,,361,7173.364,7173.364,361,-0.05318774283,0.0000,1.06,0.00,,361,0.1036621258,0.89,661.40,,,,361,-0.06075545028,0,1.07,0.00,,,,
,,360,5795.33,5795.33,360,-0.05240694806,0.0000,1.06,0.00,,360,0.1020314693,0.89,526.89,,,,360,-0.06033843011,0,1.07,0.00,,,,
,,359,4752.09,4752.09,359,-0.05150332674,0.0000,1.06,0.00,,359,0.09902921319,0.89,420.72,,,,359,-0.05995041132,0,1.07,0.00,,,,
,,358,3889.58,3889.58,358,-0.05019661412,0.0000,1.06,0.00,,358,0.0965969339,0.90,336.81,,,,358,-0.05960036814,0,1.07,0.00,,,,
,,357,3177.104,3177.104,357,-0.04928920418,0.0000,1.06,0.00,,357,0.09378859401,0.90,267.95,,,,357,-0.05930351466,0,1.07,0.00,,,,
,,356,2451.798,2451.798,356,-0.04905445129,0.0000,1.06,0.00,,356,0.09101454914,0.90,201.28,,,,356,-0.0589745082,0,1.07,0.00,,,,
,,355,1815.574,1815.574,355,-0.047679618,0.0000,1.06,0.00,,355,0.08764801174,0.91,144.08,,,,355,-0.05868120864,0,1.07,0.00,,,,
,,354,1384.548,1384.548,354,-0.04609449208,0.0000,1.05,0.00,,354,0.08597658575,0.91,107.98,,,,354,-0.05822334439,0,1.07,0.00,,,,
,,353,1068.94,1068.94,353,-0.04445729777,0.0000,1.05,0.00,,353,0.08264759928,0.91,80.43,,,,353,-0.05760901049,0,1.07,0.00,,,,
,,352,815.312,815.312,352,-0.04230959713,0.0000,1.05,0.00,,352,0.08003284782,0.91,59.58,,,,352,-0.05731918663,0,1.07,0.00,,,,
,,351,628.994,628.994,351,-0.04148178175,0.0000,1.05,0.00,,351,0.07764888555,0.92,44.72,,,,351,-0.05679597333,0,1.07,0.00,,,,
,,350,438.92,438.92,350,-0.03969540447,0.0000,1.05,0.00,,350,0.07493720949,0.92,30.20,,,,350,-0.05630969629,0,1.07,0.00,,,,
,,349,338.148,338.148,349,-0.07149945199,0.0000,1.09,0.00,,349,0.07287925482,0.92,22.68,,,,349,-0.0908806622,0,1.11,0.00,,,,
,,348,260.94,260.94,348,-0.0706942603,0.0000,1.09,0.00,,348,0.07030940801,0.92,16.94,,,,348,-0.0911128819,0,1.11,0.00,,,,
,,347,209.362,209.362,347,-0.06911356002,0.0000,1.08,0.00,,347,0.06825512648,0.93,13.22,,,,347,-0.08971899748,0,1.11,0.00,,,,
,,346,152.158,152.158,346,-0.06736862659,0.0000,1.08,0.00,,346,0.06603737921,0.93,9.32,,,,346,-0.08929951489,0,1.11,0.00,,,,
,,345,122.922,122.922,345,-0.06703414023,0.0000,1.08,0.00,,345,0.06344370544,0.93,7.25,,,,345,-0.08908171207,0,1.11,0.00,,,,
,,344,117.398,117.398,344,-0.06544841081,0.0000,1.08,0.00,,344,0.06116774306,0.93,6.70,,,,344,-0.08785516769,0,1.11,0.00,,,,
,,343,82.88,82.88,343,-0.06354153901,0.0000,1.08,0.00,,343,0.05885517597,0.94,4.56,,,,343,-0.08711268008,0,1.11,0.00,,,,
,,342,77.71,77.71,342,-0.06186872721,0.0000,1.07,0.00,,342,0.05687903613,0.94,4.14,,,,342,-0.08674345911,0,1.11,0.00,,,,
,,341,79.146,79.146,341,-0.06062102318,0.0000,1.07,0.00,,341,0.05434167013,0.94,4.04,,,,341,-0.08578309417,0,1.11,0.00,,,,
,,340,72.122,72.122,340,-0.05925012752,0.0000,1.07,0.00,,340,0.05216795579,0.94,3.54,,,,340,-0.08568547666,0,1.11,0.00,,,,
,,339,47.606,47.606,339,-0.05577065051,0.0000,1.07,0.00,,339,0.05035208911,0.94,2.26,,,,339,-0.0869968012,0,1.11,0.00,,,,
,,338,59.305,59.305,338,-0.05383740366,0.0000,1.06,0.00,,338,0.04839151725,0.95,2.72,,,,338,-0.08596942574,0,1.11,0.00,,,,
,,337,44.388,44.388,337,-0.05278411135,0.0000,1.06,0.00,,337,0.04684647918,0.95,1.97,,,,337,-0.08522535861,0,1.10,0.00,,,,
,,336,40.058,40.058,336,-0.05112481862,0.0000,1.06,0.00,,336,0.04533016309,0.95,1.72,,,,336,-0.0851393193,0,1.10,0.00,,,,
,,335,39.056,39.056,335,-0.04950327799,0.0000,1.06,0.00,,335,0.044074554,0.95,1.64,,,,335,-0.08383141458,0,1.10,0.00,,,,
,,334,52.395,52.395,334,-0.04623582214,0.0000,1.05,0.00,,334,0.0433238633,0.95,2.16,,,,334,-0.08305853605,0,1.10,0.00,,,,
,,333,39.126,39.126,333,-0.04574539512,0.0000,1.05,0.00,,333,0.0429572314,0.95,1.60,,,,333,-0.08244878054,0,1.10,0.00,,,,
,,332,40.674,40.674,332,-0.04358182847,0.0000,1.05,0.00,,332,0.04269942641,0.95,1.65,,,,332,-0.08146859705,0,1.10,0.00,,,,
,,331,29.744,29.744,331,-0.04146036878,0.0000,1.05,0.00,,331,0.04286376387,0.95,1.21,,,,331,-0.08035610616,0,1.10,0.00,,,,
,,330,36.196,36.196,330,-0.03995935619,0.0000,1.05,0.00,,330,0.04341382161,0.95,1.50,,,,330,-0.07953692228,0,1.10,0.00,,,,
,,329,33.7,33.7,329,-0.03792433068,0.0000,1.04,0.00,,329,0.04421545565,0.95,1.42,,,,329,-0.07864513248,0,1.10,0.00,,,,
,,328,31.542,31.542,328,-0.03703647852,0.0000,1.04,0.00,,328,0.04527789727,0.95,1.36,,,,328,-0.07769472152,0,1.09,0.00,,,,
,,327,26.038,26.038,327,-0.03466433287,0.0000,1.04,0.00,,327,0.04671109468,0.95,1.15,,,,327,-0.07690241933,0,1.09,0.00,,,,
,,326,78.468,78.468,326,-0.0330578126,0.0000,1.04,0.00,,326,0.04835983366,0.95,3.59,,,,326,-0.07583802938,0,1.09,0.00,,,,
,,325,27.6625,27.6625,325,-0.03102255054,0.0000,1.04,0.00,,325,0.0496317111,0.94,1.30,,,,325,-0.07511083782,0,1.09,0.00,,,,
,,324,34.228,34.228,324,-0.02947780117,0.0000,1.03,0.00,,324,0.05140781775,0.94,1.66,,,,324,-0.0740230009,0,1.09,0.00,,,,
,,323,33.984,33.984,323,-0.02749962173,0.0000,1.03,0.00,,323,0.05269568041,0.94,1.69,,,,323,-0.07294556499,0,1.09,0.00,,,,
,,322,30.964,30.964,322,-0.02523550391,0.0000,1.03,0.00,,322,0.05354579911,0.94,1.56,,,,322,-0.07216576487,0,1.09,0.00,,,,
,,321,9.755,9.755,321,-0.02370352671,0.0000,1.03,0.00,,321,0.05441727489,0.94,0.50,,,,321,-0.07094939798,0,1.09,0.00,,,,
,,320,20.724,20.724,320,-0.0214213524,0.0000,1.02,0.00,,320,0.05450572073,0.94,1.06,,,,320,-0.07016807795,0,1.09,0.00,,,,
,,319,23.632,23.632,319,-0.01923664473,0.0000,1.02,0.00,,319,0.05488643423,0.94,1.22,,,,319,-0.06900258362,0,1.08,0.00,,,,
,,318,9.81,9.81,318,-0.01691288687,0.0000,1.02,0.00,,318,0.0544876717,0.94,0.50,,,,318,-0.06776367873,0,1.08,0.00,,,,
,,317,18.44,18.44,317,-0.01438574679,0.0000,1.02,0.00,,317,0.05397230759,0.94,0.94,,,,317,-0.0670099631,0,1.08,0.00,,,,
,,316,10.34,10.34,316,-0.01134901214,0.0000,1.01,0.00,,316,0.05335044116,0.94,0.52,,,,316,-0.06601654738,0,1.08,0.00,,,,
,,315,20.844,20.844,315,-0.009415566921,0.0000,1.01,0.00,,315,0.05238404498,0.94,1.03,,,,315,-0.0648412779,0,1.08,0.00,,,,
,,314,19.822,19.822,314,-0.007112576161,0.0000,1.01,0.00,,314,0.05171420425,0.94,0.97,,,,314,-0.06398718059,0,1.08,0.00,,,,
,,313,26.975,26.975,313,-0.00477544358,0.0000,1.01,0.00,,313,0.05095567182,0.94,1.30,,,,313,-0.06261823326,0,1.08,0.00,,,,
,,312,23.824,23.824,312,-0.002223854885,0.0000,1.00,0.00,,312,0.05036563426,0.94,1.13,,,,312,-0.06145169586,0,1.07,0.00,,,,
,,311,18.82,18.82,311,0.0003734102647,0.0004,1.00,0.01,,311,0.0498438105,0.94,0.89,,,,311,-0.06045664102,0,1.07,0.00,,,,
,,310,16.804,16.804,310,0.003143942915,0.0031,1.00,0.05,,310,0.04922397062,0.95,0.78,,,,310,-0.05941013619,0,1.07,0.00,,,,
,,309,15.1,15.1,309,0.006518064532,0.0065,0.99,0.10,,309,0.04888207838,0.95,0.70,,,,309,-0.05832357332,0,1.07,0.00,,,,
,,308,26.564,26.564,308,0.009293345734,0.0093,0.99,0.24,,308,0.04833263531,0.95,1.21,,,,308,-0.05694657937,0,1.07,0.00,,,,
,,307,49.702,49.702,307,0.01239624247,0.0124,0.99,0.61,,307,0.0477610901,0.95,2.25,,,,307,-0.05578144267,0,1.07,0.00,,,,
,,306,25.086,25.086,306,0.01578070223,0.0158,0.98,0.39,,306,0.04724293202,0.95,1.12,,,,306,-0.05382894352,0,1.06,0.00,,,,
,,305,32.895,32.895,305,0.01931021176,0.0193,0.98,0.62,,305,0.04635870084,0.95,1.45,,,,305,-0.05205008015,0,1.06,0.00,,,,
,,304,15.086,15.086,304,0.02290372923,0.0229,0.97,0.34,,304,0.04581655562,0.95,0.66,,,,304,-0.04965449125,0,1.06,0.00,,,,
,,303,5.31,5.31,303,0.02630534023,0.0263,0.97,0.14,,303,0.04484046996,0.95,0.23,,,,303,-0.04799481109,0,1.06,0.00,,,,
,,302,14.818,14.818,302,0.03014503419,0.0301,0.97,0.43,,302,0.04417633638,0.95,0.62,,,,302,-0.04612335935,0,1.05,0.00,,,,
,,301,30.1275,30.1275,301,0.03396341205,0.0340,0.96,0.98,,301,0.04343653843,0.95,1.25,,,,301,-0.04429701716,0,1.05,0.00,,,,
,,300,20.182,20.182,300,0.03797742724,0.0380,0.96,0.73,,300,0.04276166484,0.95,0.82,,,,300,-0.04213320091,0,1.05,0.00,,,,
,,299,21.82,21.82,299,0.04190086946,0.0419,0.95,0.87,,299,0.04215052724,0.95,0.88,,,,299,-0.04006138816,0,1.05,0.00,,,,
,,298,11.706,11.706,298,0.04693408683,0.0469,0.95,0.52,,298,0.04168295488,0.95,0.47,,,,298,-0.03772639856,0,1.04,0.00,,,,
,,297,25.2475,25.2475,297,0.05074521154,0.0507,0.94,1.21,,297,0.04145369679,0.95,1.00,,,,297,-0.03555437177,0,1.04,0.00,,,,
,,296,15.732,15.732,296,0.05558251962,0.0556,0.94,0.82,,296,0.04146355018,0.95,0.62,,,,296,-0.03315289319,0,1.04,0.00,,,,
,,295,14.488,14.488,295,0.06053287536,0.0605,0.93,0.82,,295,0.04141089693,0.95,0.57,,,,295,-0.03058030643,0,1.04,0.00,,,,
,,294,8.3525,8.3525,294,0.06612225622,0.0661,0.93,0.51,,294,0.04144700617,0.95,0.33,,,,294,-0.02745787613,0,1.03,0.00,,,,
,,293,24.768,24.768,293,0.07139790803,0.0714,0.92,1.63,,293,0.04170697555,0.95,0.98,,,,293,-0.02489068732,0,1.03,0.00,,,,
,,292,-2.492,0,292,0.077600196,0.0776,0.92,0.00,,292,0.04215626046,0.95,0.00,,,,292,-0.02196442708,0,1.03,0.00,,,,
,,291,20.92,20.92,291,0.0827703625,0.0828,0.91,1.58,,291,0.04231294617,0.95,0.84,,,,291,-0.01891746186,0,1.02,0.00,,,,
,,290,17.68,17.68,290,0.0883018896,0.0883,0.90,1.41,,290,0.04289028049,0.95,0.72,,,,290,-0.01580703817,0,1.02,0.00,,,,
,,289,31.526,31.526,289,0.09352203459,0.0935,0.90,2.65,,289,0.04332995415,0.95,1.30,,,,289,-0.01309956145,0,1.02,0.00,,,,
,,288,39.834,39.834,288,0.09835714102,0.0984,0.89,3.51,,288,0.0438262783,0.95,1.66,,,,288,-0.009760992602,0,1.01,0.00,,,,
,,287,7.44,7.44,287,0.1037975177,0.1038,0.89,0.69,,287,0.04412569851,0.95,0.31,,,,287,-0.006908906624,0,1.01,0.00,,,,
,,286,20.7475,20.7475,286,0.1093691736,0.1094,0.88,2.01,,286,0.0448496528,0.95,0.88,,,,286,-0.003778604325,0,1.00,0.00,,,,
,,285,17.956,17.956,285,0.114776656,0.1148,0.88,1.81,,285,0.04537151381,0.95,0.77,,,,285,-0.0007215152727,0,1.00,0.00,,,,
,,284,15.74,15.74,284,0.1205040663,0.1205,0.87,1.66,,284,0.04590956494,0.95,0.69,,,,284,0.00235911971,0.00235911971,1.00,0.04,,,,
,,283,24.9525,24.9525,283,0.1262419671,0.1262,0.87,2.73,,283,0.04635706171,0.95,1.10,,,,283,0.005624894518,0.005624894518,0.99,0.14,,,,
,,282,4.922,4.922,282,0.1314721704,0.1315,0.86,0.56,,282,0.04698476195,0.95,0.22,,,,282,0.008794598281,0.008794598281,0.99,0.04,,,,
,,281,8.628,8.628,281,0.137108326,0.1371,0.86,1.01,,281,0.04738503695,0.95,0.39,,,,281,0.01230579801,0.01230579801,0.99,0.10,,,,
,,280,15.7425,15.7425,280,0.1420139968,0.1420,0.85,1.91,,280,0.04803946614,0.95,0.72,,,,280,0.01547792926,0.01547792926,0.98,0.24,,,,
,,279,3.726,3.726,279,0.1474815011,0.1475,0.85,0.47,,279,0.04846826568,0.95,0.17,,,,279,0.01858820394,0.01858820394,0.98,0.07,,,,
,,278,4.894,4.894,278,0.1533040553,0.1533,0.84,0.63,,278,0.04907410219,0.95,0.23,,,,278,0.02166943066,0.02166943066,0.98,0.10,,,,
,,277,23.66,23.66,277,0.1591018736,0.1591,0.84,3.15,,277,0.04949191585,0.94,1.11,,,,277,0.02460295707,0.02460295707,0.97,0.57,,,,
,,276,18.12,18.12,276,0.1658944935,0.1659,0.83,2.50,,276,0.0499686189,0.94,0.86,,,,276,0.02786948904,0.02786948904,0.97,0.49,,,,
,,275,-2.514,0,275,0.1732547134,0.1733,0.82,0.00,,275,0.05030715466,0.94,0.00,,,,275,0.03108160198,0.03108160198,0.96,0.00,,,,
,,274,14.332,14.332,274,0.1816922575,0.1817,0.82,2.13,,274,0.05048951507,0.94,0.68,,,,274,0.03501885757,0.03501885757,0.96,0.48,,,,
,,273,20.84,20.84,273,0.1907892823,0.1908,0.81,3.22,,273,0.0507995896,0.94,1.00,,,,273,0.03908194229,0.03908194229,0.96,0.78,,,,
,,272,9.684,9.684,272,0.2032380253,0.2032,0.80,1.57,,272,0.05079999939,0.94,0.46,,,,272,0.04429215565,0.04429215565,0.95,0.41,,,,
,,271,4.272,4.272,271,0.2171687037,0.2172,0.79,0.73,,271,0.05097971484,0.94,0.21,,,,271,0.04995241389,0.04995241389,0.94,0.20,,,,
,,270,26.212,26.212,270,0.2343874872,0.2344,0.77,4.75,,270,0.05145129561,0.94,1.27,,,,270,0.05643353984,0.05643353984,0.94,1.39,,,,
,,269,11.75,11.75,269,0.2495569289,0.2496,0.76,2.23,,269,0.05204628035,0.94,0.58,,,,269,0.06263484806,0.06263484806,0.93,0.69,,,,
,,268,8.76,8.76,268,0.2605748773,0.2606,0.75,1.72,,268,0.05311055854,0.94,0.44,,,,268,0.06696946919,0.06696946919,0.93,0.54,,,,
,,267,18.662,18.662,267,0.2688013613,0.2688,0.75,3.74,,267,0.05476332083,0.94,0.96,,,,267,0.07114326954,0.07114326954,0.92,1.22,,,,
,,266,18.055,18.055,266,0.2805320024,0.2805,0.74,3.73,,266,0.05741677061,0.94,0.97,,,,266,0.07600127906,0.07600127906,0.92,1.26,,,,
,,265,14.406,14.406,265,0.2961379588,0.2961,0.72,3.09,,265,0.06164864078,0.93,0.83,,,,265,0.08293645829,0.08293645829,0.91,1.09,,,,
,,264,19.872,19.872,264,0.3145803213,0.3146,0.71,4.45,,264,0.06829499453,0.93,1.26,,,,264,0.09013492614,0.09013492614,0.90,1.62,,,,
,,263,21.185,21.185,263,0.3360032737,0.3360,0.70,4.96,,263,0.07819655538,0.91,1.52,,,,263,0.09862454236,0.09862454236,0.89,1.87,,,,
,,262,27.97,27.97,262,0.3571338952,0.3571,0.68,6.81,,262,0.09260457754,0.90,2.33,,,,262,0.1071733609,0.1071733609,0.89,2.66,,,,
,,261,21.496,21.496,261,0.3775039017,0.3775,0.67,5.42,,261,0.1119921282,0.88,2.12,,,,261,0.1154691353,0.1154691353,0.88,2.18,,,,
,,260,19.5325,19.5325,260,0.3956534266,0.3957,0.66,5.07,,260,0.136207357,0.86,2.28,,,,260,0.1232368425,0.1232368425,0.87,2.10,,,,
,,259,4.372,4.372,259,0.4144662917,0.4145,0.64,1.17,,259,0.1651387215,0.83,0.60,,,,259,0.1305530518,0.1305530518,0.86,0.49,,,,
,,258,11.538,11.538,258,0.4339676201,0.4340,0.63,3.17,,258,0.1971407235,0.80,1.83,,,,258,0.1383822411,0.1383822411,0.86,1.37,,,,
,,257,22.98,22.98,257,0.4549003839,0.4549,0.62,6.48,,257,0.2246154994,0.78,4.03,,,,257,0.147166431,0.147166431,0.85,2.87,,,,
,,256,27.5725,27.5725,256,0.4790183604,0.4790,0.61,8.00,,256,0.2389378697,0.77,5.07,,,,256,0.1564859003,0.1564859003,0.84,3.62,,,,
,,255,16.478,16.478,255,0.5030965209,0.5031,0.59,4.91,,255,0.2396633774,0.77,3.03,,,,255,0.1664278954,0.1664278954,0.83,2.28,,,,
,,254,11.02,11.02,254,0.5278869867,0.5279,0.58,3.37,,254,0.2351000458,0.77,2.00,,,,254,0.1763352752,0.1763352752,0.82,1.60,,,,
,,253,16.7925,16.7925,253,0.5517768264,0.5518,0.57,5.24,,253,0.2323141396,0.77,3.02,,,,253,0.1862050444,0.1862050444,0.81,2.54,,,,
,,252,3.588,3.588,252,0.5761982799,0.5762,0.55,1.14,,252,0.2325267345,0.77,0.65,,,,252,0.1956637949,0.1956637949,0.80,0.57,,,,
,,251,24.366,24.366,251,0.6015582085,0.6016,0.54,7.93,,251,0.2349936217,0.77,4.42,,,,251,0.2054835558,0.2054835558,0.80,3.99,,,,
,,250,33.0575,33.0575,250,0.6277896166,0.6278,0.53,10.97,,250,0.2389265597,0.77,6.07,,,,250,0.2155542821,0.2155542821,0.79,5.62,,,,
,,249,23.212,23.212,249,0.6537919641,0.6538,0.52,7.84,,249,0.2416233867,0.77,4.30,,,,249,0.2253660411,0.2253660411,0.78,4.08,,,,
,,248,8.53,8.53,248,0.6787959933,0.6788,0.51,2.93,,248,0.2406269163,0.77,1.58,,,,248,0.2342287153,0.2342287153,0.77,1.54,,,,
,,247,12.435,12.435,247,0.7026801705,0.7027,0.50,4.33,,247,0.234154582,0.77,2.25,,,,247,0.2428972572,0.2428972572,0.77,2.31,,,,
,,246,25.578,25.578,246,0.7262070179,0.7262,0.49,9.02,,246,0.2242941558,0.78,4.48,,,,246,0.2515441775,0.2515441775,0.76,4.88,,,,
,,245,16.148,16.148,245,0.7509626746,0.7510,0.48,5.77,,245,0.2132069319,0.79,2.72,,,,245,0.2603402734,0.2603402734,0.75,3.16,,,,
,,244,5.8775,5.8775,244,0.7750983834,0.7751,0.47,2.12,,244,0.2029159516,0.80,0.95,,,,244,0.2688746154,0.2688746154,0.75,1.18,,,,
,,243,13.894,13.894,243,0.7988982201,0.7989,0.46,5.07,,243,0.1949372441,0.81,2.18,,,,243,0.2775940001,0.2775940001,0.74,2.85,,,,
,,242,11.39,11.39,242,0.8225490451,0.8225,0.45,4.20,,242,0.189797923,0.81,1.75,,,,242,0.2859574258,0.2859574258,0.73,2.39,,,,
,,241,8.89,8.89,241,0.8456850052,0.8457,0.44,3.31,,241,0.1868986487,0.81,1.35,,,,241,0.2940901518,0.2940901518,0.73,1.90,,,,
,,240,12.822,12.822,240,0.8696474433,0.8696,0.43,4.82,,240,0.1864719987,0.81,1.94,,,,240,0.3027098179,0.3027098179,0.72,2.79,,,,
,,239,30.608,30.608,239,0.8937964439,0.8938,0.42,11.59,,239,0.1883983016,0.81,4.68,,,,239,0.3120239079,0.3120239079,0.71,6.81,,,,
,,238,-0.78,0,238,0.9186578989,0.9187,0.42,0.00,,238,0.1936776042,0.81,0.00,,,,238,0.3222192228,0.3222192228,0.71,0.00,,,,
,,237,15.248,15.248,237,0.9455401897,0.9455,0.41,5.87,,237,0.2045722008,0.80,2.49,,,,237,0.3337565958,0.3337565958,0.70,3.55,,,,
,,236,31.038,31.038,236,0.9752468467,0.9752,0.40,12.05,,236,0.2235726118,0.78,5.42,,,,236,0.3481935859,0.3481935859,0.69,7.43,,,,
,,235,19.3725,19.3725,235,1.011741042,1.0117,0.39,7.59,,235,0.2538721561,0.76,3.72,,,,235,0.3662929833,0.3662929833,0.68,4.79,,,,
,,234,28.214,28.214,234,1.056719661,1.0567,0.37,11.18,,234,0.2972283959,0.72,6.07,,,,234,0.3899660707,0.3899660707,0.66,7.26,,,,
,,233,15.286,15.286,233,1.109727144,1.1097,0.36,6.12,,233,0.354852885,0.68,3.71,,,,233,0.4200359285,0.4200359285,0.64,4.11,,,,
,,232,12.7725,12.7725,232,1.168259501,1.1683,0.35,5.17,,232,0.4252421558,0.64,3.46,,,,232,0.4548060894,0.4548060894,0.62,3.60,,,,
,,231,28.496,28.496,231,1.225594521,1.2256,0.33,11.64,,231,0.5048154593,0.59,8.50,,,,231,0.4921574891,0.4921574891,0.60,8.39,,,,
,,230,0.414,0.414,230,1.279019952,1.2790,0.32,0.17,,230,0.5872437954,0.55,0.13,,,,230,0.5288229585,0.5288229585,0.58,0.13,,,,
,,229,29,29,229,1.334242702,1.3342,0.31,12.01,,229,0.6693272591,0.51,9.90,,,,229,0.5660541654,0.5660541654,0.56,9.17,,,,
,,228,30.692,30.692,228,1.399891853,1.3999,0.30,12.80,,228,0.7500327826,0.48,10.96,,,,228,0.6068559885,0.6068559885,0.54,10.03,,,,
,,227,17.8,17.8,227,1.479981542,1.4800,0.28,7.47,,227,0.8310585022,0.45,6.59,,,,227,0.6545220613,0.6545220613,0.52,6.02,,,,
,,226,13.6175,13.6175,226,1.572634101,1.5726,0.27,5.75,,226,0.9137124419,0.42,5.19,,,,226,0.7082318068,0.7082318068,0.49,4.76,,,,
,,225,8.898,8.898,225,1.671406746,1.6714,0.25,3.78,,225,0.9965543151,0.39,3.47,,,,225,0.7644463181,0.7644463181,0.47,3.20,,,,
,,224,35.3975,35.3975,224,1.776375294,1.7764,0.24,15.11,,224,1.074895859,0.37,14.08,,,,224,0.8217235208,0.8217235208,0.45,13.05,,,,
,,223,21.386,21.386,223,1.88432014,1.8843,0.23,9.16,,223,1.146276951,0.35,8.62,,,,223,0.8773834109,0.8773834109,0.43,8.05,,,,
,,222,34.954,34.954,222,1.995174766,1.9952,0.22,15.02,,222,1.210627675,0.34,14.24,,,,222,0.9316067696,0.9316067696,0.41,13.40,,,,
,,221,28.74,28.74,221,2.105547667,2.1055,0.20,12.38,,221,1.270466447,0.32,11.81,,,,221,0.9830260873,0.9830260873,0.40,11.18,,,,
,,220,12.026,12.026,220,2.221652508,2.2217,0.19,5.19,,220,1.323379397,0.31,4.97,,,,220,1.033758402,1.033758402,0.38,4.74,,,,
,,219,20.802,20.802,219,2.349890947,2.3499,0.18,8.99,,219,1.370252371,0.30,8.65,,,,219,1.085242391,1.085242391,0.37,8.29,,,,
,,218,36.1625,36.1625,218,2.48767662,2.4877,0.17,15.65,,218,1.41018784,0.30,15.09,,,,218,1.136955976,1.136955976,0.35,14.56,,,,
,,217,11.322,11.322,217,2.620136976,2.6201,0.17,4.90,,217,1.44396162,0.29,4.74,,,,217,1.181892991,1.181892991,0.34,4.59,,,,
,,216,14.952,14.952,216,2.736710548,2.7367,0.16,6.48,,216,1.469755292,0.29,6.27,,,,216,1.222161889,1.222161889,0.33,6.10,,,,
,,215,9.075,9.075,215,2.857274532,2.8573,0.15,3.94,,215,1.489689112,0.28,3.81,,,,215,1.262135744,1.262135744,0.33,3.73,,,,
,,214,20.526,20.526,214,2.993567467,2.9936,0.14,8.90,,214,1.503842354,0.28,8.63,,,,214,1.310810804,1.310810804,0.32,8.48,,,,
,,213,21.58,21.58,213,3.14229846,3.1423,0.14,9.36,,213,1.515094995,0.28,9.08,,,,213,1.36209321,1.36209321,0.30,8.96,,,,
,,212,14.7475,14.7475,212,3.27408433,3.2741,0.13,6.40,,212,1.522993922,0.28,6.21,,,,212,1.406887293,1.406887293,0.30,6.15,,,,
,,211,17.814,17.814,211,3.378426313,3.3784,0.13,7.73,,211,1.529318571,0.28,7.51,,,,211,1.446773171,1.446773171,0.29,7.46,,,,
,,210,10.005,10.005,210,3.466576815,3.4666,0.13,4.34,,210,1.534469366,0.27,4.22,,,,210,1.484649181,1.484649181,0.28,4.20,,,,
,,209,19.526,19.526,209,3.56071043,3.5607,0.12,8.48,,209,1.538966656,0.27,8.23,,,,209,1.522785902,1.522785902,0.28,8.22,,,,
,,208,5.036,5.036,208,3.625697851,3.6257,0.12,2.19,,208,1.543889165,0.27,2.12,,,,208,1.561790586,1.561790586,0.27,2.13,,,,
,,207,3.8025,3.8025,207,3.693074465,3.6931,0.12,1.65,,207,1.548407435,0.27,1.60,,,,207,1.599048257,1.599048257,0.26,1.61,,,,
,,206,14.602,14.602,206,3.743941307,3.7439,0.12,6.34,,206,1.552362204,0.27,6.16,,,,206,1.641575813,1.641575813,0.26,6.20,,,,
,,205,-3.99,0,205,3.811128855,3.8111,0.11,0.00,,205,1.552754164,0.27,0.00,,,,205,1.695269227,1.695269227,0.25,0.00,,,,
,,204,21.425,21.425,204,3.828226328,3.8282,0.11,9.30,,204,1.546462059,0.27,9.04,,,,204,1.76072371,1.76072371,0.24,9.14,,,,
,,203,23.68,23.68,203,3.887244701,3.8872,0.11,10.28,,203,1.533207417,0.27,9.98,,,,203,1.848616004,1.848616004,0.23,10.14,,,,
,,202,6.7925,6.7925,202,3.89294529,3.8929,0.11,2.95,,202,1.512364984,0.28,2.86,,,,202,1.970294476,1.970294476,0.22,2.92,,,,
,,201,9.542,9.542,201,3.921669483,3.9217,0.11,4.14,,201,1.488490343,0.28,4.01,,,,201,2.129233837,2.129233837,0.20,4.11,,,,
,,200,9.336,9.336,200,3.8956604,3.8957,0.11,4.05,,200,1.464729309,0.29,3.91,,,,200,2.343055487,2.343055487,0.18,4.04,,,,
,,,0,0,,,,,,,,,,,,,,,,,,,,,,
,,,0,0,,,,,,,,,,,,,,,,,,,,,,
,,,0,0,,,,,,,,,,,,,,,,,,,,,,
,,,0,0,,,,,,,,,,,,,,,,,,,,,,
,,,0,0,,,,,,,,,,,,,,,,,,,,,,
,,,0,0,,,,,,,,,,,,,,,,,,,,,,
,,,0,0,,,,,,,,,,,,,,,,,,,,,,
,,,0,0,,,,,,,,,,,,,,,,,,,,,,
,,,0,0,,,,,,,,,,,,,,,,,,,,,,
,,,0,0,,,,,,,,,,,,,,,,,,,,,,
,,,0,0,,,,,,,,,,,,,,,,,,,,,,
,,,0,0,,,,,,,,,,,,,,,,,,,,,,
,,,0,0,,,,,,,,,,,,,,,,,,,,,,
,,,0,0,,,,,,,,,,,,,,,,,,,,,,
,,,0,0,,,,,,,,,,,,,,,,,,,,,,
,,,0,0,,,,,,,,,,,,,,,,,,,,,,
,,,0,0,,,,,,,,,,,,,,,,,,,,,,
,,,0,0,,,,,,,,,,,,,,,,,,,,,,
,,,0,0,,,,,,,,,,,,,,,,,,,,,,
,,,0,0,,,,,,,,,,,,,,,,,,,,,,
,,,0,0,,,,,,,,,,,,,,,,,,,,,,
