FLMT06513_1:101,
180,-316.69
180,-316.69
180,-316.69
181,-326.95
181,-310.38
181,111.81
181,43
182,-52.29
182,-43.48
182,0.82
182,49.36
182,25.28
183,6.02
183,-47.57
183,-28.02
183,-14.78
184,-50.17
184,99.58
184,42.57
184,114.56
184,-53.25
185,18.93
185,54.7
185,36.07
185,-19.79
185,-1.87
186,115.81
186,52.2
186,89.57
186,-11.12
187,55.76
187,91.54
187,-24.07
187,40.98
187,39.54
188,17.82
188,9.54
188,-92.59
188,70.64
189,-4.76
189,95.35
189,27.35
189,61.4
189,-23.01
190,92.26
190,29.28
190,81.62
190,108.54
190,80.85
191,119.61
191,34.38
191,9.68
191,75.17
192,29.86
192,74.45
192,-73.48
192,109.55
192,83.45
193,70.59
193,87.69
193,31.01
193,-25.23
193,87.93
194,-17.72
194,57.74
194,39.63
194,95.2
195,50.76
195,61.83
195,27.21
195,46.71
195,5.4
196,14.4
196,12.57
196,106.71
196,-114.07
197,6.07
197,103.05
197,103.43
197,-35.53
197,-57.83
198,87.59
198,85.33
198,-15.84
198,-2.98
198,24.51
199,20.52
199,249.82
199,71.08
199,-7.7
200,90.34
200,-22.77
200,-28.07
200,13.92
200,-17.67
201,82.44
201,35.11
201,-22.77
201,70.21
201,-14.1
202,2.41
202,19.41
202,-15.12
202,-4.23
203,103.68
203,74.01
203,61.93
203,16.28
203,38.43
204,155.87
204,14.93
204,21.53
204,30.39
205,-8.47
205,-0.67
205,-36.01
205,10.74
205,10.4
206,-3.13
206,14.79
206,133.53
206,6.6
206,42.47
207,-15.98
207,-37.75
207,22.3
207,19.41
208,23.79
208,-26.91
208,37.18
208,31.11
208,44.69
209,1.4
209,65.3
209,158.38
209,-3.7
209,27.93
210,18.21
210,85.62
210,-8.81
210,20.32
211,147.59
211,-5.87
211,41.08
211,24.18
211,27.55
212,9.35
212,63.56
212,68.86
212,-13.72
213,14.98
213,43.73
213,57.06
213,39.68
213,107
214,96.74
214,107.77
214,13.53
214,-19.5
214,79.07
215,48.06
215,16.38
215,2.46
215,-13.67
216,76.18
216,62.7
216,9.06
216,13.73
216,-23.3
217,20.47
217,-24.89
217,54.7
217,39.1
217,31.45
218,84.22
218,190.4
218,115.52
218,3.81
219,38.67
219,81.09
219,17.19
219,134.4
219,35.16
220,68.86
220,27.07
220,-36.35
220,68.24
220,21.58
221,-2.07
221,121.73
221,39.15
221,158.91
222,95.87
222,176.67
222,28.9
222,39.83
222,103.34
223,1.11
223,84.03
223,71.61
223,135.6
223,-31.2
224,23.17
224,98.86
224,158.47
224,77.43
225,90.14
225,31.5
225,-29.85
225,-23.83
225,22.97
226,13.97
226,9.15
226,26.68
226,79.84
227,40.21
227,64.86
227,16.71
227,98.23
227,63.08
228,98.19
228,202.44
228,22.06
228,81.28
228,9.2
229,110.85
229,47.67
229,112.68
229,21.29
230,42.28
230,11.9
230,29.95
230,-59.8
230,-16.51
231,70.59
231,153.03
231,40.6
231,105.94
231,2.22
232,59.23
232,-22.43
232,13.2
232,51.09
233,48.97
233,6.89
233,78.59
233,116.53
233,-76.8
234,9.68
234,106.03
234,28.08
234,183.7
234,98.23
235,24.99
235,64.19
235,88.36
235,59.18
236,192.56
236,55.04
236,66.21
236,93.95
236,25.04
237,4.19
237,-14.78
237,100.35
237,30.53
237,36.02
238,-78.68
238,32.55
238,28.17
238,24.08
239,47.05
239,76.23
239,90.1
239,14.4
239,156.64
240,33.18
240,29.38
240,41.85
240,52.83
240,-29.61
241,40.6
241,28.08
241,21.38
241,21.62
242,18.83
242,33.18
242,-5.2
242,-12.61
242,119.95
243,40.31
243,-28.69
243,77.67
243,-30.72
243,50.52
244,13.29
244,115.04
244,-14.3
244,-48.68
245,46.52
245,79.6
245,-16.8
245,50.08
245,75.46
246,-29.42
246,76.85
246,2.94
246,193.14
246,132.52
247,13.39
247,75.99
247,65.44
247,11.18
248,76.9
248,29.14
248,29.95
248,-55.47
248,14.35
249,101.12
249,60.34
249,57.21
249,24.37
249,68.24
250,32.12
250,54.27
250,103.39
250,178.89
251,-13.05
251,160.98
251,71.51
251,12.19
251,65.3
252,-23.88
252,-70.59
252,77.96
252,46.42
252,22.39
253,83.16
253,24.56
253,39.39
253,35.49
254,59.13
254,64.67
254,53.21
254,53.31
254,-31.39
255,93.13
255,18.83
255,9.01
255,28.46
255,83.45
256,125.34
256,35.68
256,76.47
256,84.37
257,132.23
257,-33.12
257,125.63
257,100.55
257,2.17
258,52.63
258,-43.81
258,58.12
258,43.39
258,36.21
259,58.89
259,55.76
259,-38.52
259,39.97
259,-59.27
260,59.33
260,63.95
260,31.93
260,-5.63
261,113.11
261,-22.43
261,143.02
261,51.33
261,17
262,43.34
262,22.3
262,51.33
262,162.32
262,162.52
263,138.15
263,54.75
263,56.87
263,-5.63
264,9.06
264,20.28
264,161.02
264,12.43
264,31.74
265,103.1
265,101.36
265,-28.12
265,56.44
265,-46.32
266,80.71
266,12.23
266,55.19
266,105.12
267,55.19
267,-32.64
267,40.36
267,129.87
267,60.68
268,-6.3
268,85.47
268,40.11
268,31.01
268,-14.87
269,2.22
269,113.69
269,19.99
269,2.89
270,133.58
270,57.11
270,41.51
270,60.58
270,25.67
271,-27.2
271,23.26
271,-25.9
271,-11.89
271,78.54
272,182.02
272,0.68
272,130.06
272,-99.96
272,-26.62
273,33.42
273,124.72
273,52.44
273,3.47
274,41.51
274,35.11
274,30.48
274,81.86
274,43.73
275,16.91
275,-20.56
275,-19.55
275,-17.52
275,1.93
276,88.31
276,-6.5
276,35.88
276,149.81
277,3.66
277,97.32
277,111.48
277,137.91
277,2.22
278,28.46
278,53.69
278,17.58
278,-42.23
278,54.75
279,32.17
279,21.53
279,54.22
279,9.97
279,-53.64
280,-6.3
280,83.69
280,-16.27
280,137.96
281,-23.88
281,-14.44
281,54.8
281,-30.81
281,153.66
282,62.26
282,7.47
282,-9.82
282,85.47
282,-20.7
283,31.98
283,58.03
283,167.91
283,46.81
284,-11.22
284,139.26
284,47.67
284,-11.84
284,59.04
285,-30.24
285,118.31
285,124.48
285,37.61
285,73.82
286,119.04
286,18.54
286,114.51
286,-17.14
287,27.64
287,41.8
287,16.42
287,12.72
287,29.33
288,196.61
288,70.98
288,57.74
288,208.26
288,55.09
289,98.48
289,29.67
289,51.57
289,161.07
289,103.63
290,40.26
290,24.85
290,39.54
290,116.82
291,1.3
291,135.99
291,12.38
291,152.26
291,36.84
292,-42.27
292,32.31
292,21.87
292,-21.62
292,18.06
293,104.54
293,56.78
293,85.86
293,159.34
293,47.29
294,55.09
294,78.93
294,73.44
294,10.6
295,113.55
295,66.55
295,111.57
295,81.28
295,77.72
296,154.57
296,97.75
296,242.59
296,237.68
296,128.86
297,214.28
297,138.2
297,169.07
297,141.86
298,142.77
298,177.35
298,175.04
298,94.09
298,172.97
299,244.38
299,257.71
299,143.45
299,246.93
299,229.98
300,227.57
300,236.38
300,243.61
300,233.45
300,453.36
301,421.77
301,385.75
301,534.44
301,446.52
302,525.3
302,544.89
302,527.41
302,514.08
302,452.97
303,408.91
303,487.88
303,542.87
303,543.11
303,629.5
304,671.92
304,654.49
304,681.02
304,761.58
304,727.1
305,905.26
305,806.21
305,870.74
305,963.67
306,898.52
306,966.56
306,1005.76
306,1071.34
306,1215.94
307,1191.72
307,1244.54
307,1355.39
307,1364.35
307,1340.41
308,1301.27
308,1386.11
308,1482.41
308,1487.76
308,1565.33
309,1545.83
309,1648.97
309,1673.82
309,1631.59
310,1742.15
310,1884.58
310,1797.52
310,1937.45
310,1876.35
311,2062.5
311,1990.03
311,2157.7
311,2509.16
311,2928.33
312,3144.58
312,3714.55
312,4286.02
312,4170.79
312,4062.55
313,3890.02
313,3409.08
313,2915.76
313,2779.73
314,2545.18
314,2656.56
314,2600.51
314,2557.17
314,2577.87
315,2508.29
315,2724.98
315,2731.48
315,2724.83
315,2726.91
316,2741.5
316,2768.6
316,2871.55
316,2842.04
316,2856.19
317,2977.87
317,2862.69
317,2949.8
317,3035.46
318,2950.38
318,2986.16
318,2979.8
318,3000.46
318,3027.9
319,3047.41
319,3123.05
319,3099.51
319,3160.51
319,3146.55
320,3140.92
320,3145.4
320,3182.81
320,3098.06
320,3235.15
321,3125.7
321,3227.4
321,3142.7
321,3159.12
322,3263.95
322,3239.53
322,3180.59
322,3271.46
322,3155.31
323,3202.65
323,3127.43
323,3249.79
323,3279.59
323,3103.84
324,3045.72
324,3194.22
324,3249.55
324,3188.49
324,3144.19
325,3035.32
325,3246.47
325,3101.14
325,3208.81
326,3243.58
326,3143.42
326,3115.97
326,3229.08
326,3890.6
327,3129.75
327,3118.19
327,3152.62
327,3140.92
327,3110.24
328,3073.12
328,3242.9
328,3268.42
328,3252.82
328,3214.35
329,3272.85
329,3205.49
329,3268.57
329,3194.9
330,3271.6
330,3323.99
330,3329.14
330,3183.39
330,3348.36
331,3345.66
331,3334.83
331,3273.48
331,3375.32
331,3287.35
332,3466.33
332,3393.81
332,3417.36
332,3394.92
332,3484.43
333,3487.56
333,3703.24
333,3626.05
333,3693.22
333,3788.9
334,3664.52
334,3743.06
334,3609.39
334,3694.23
335,3597.59
335,3656.72
335,3649.98
335,3512.7
335,3553.82
336,3683.54
336,3567.16
336,3752.93
336,3590.71
336,3626.48
337,3638.42
337,3644.92
337,3646.51
337,3612.04
337,3693.65
338,3609.29
338,3829.25
338,3673.72
338,3763.86
339,3549.49
339,3739.64
339,3662.16
339,3750.76
339,3619.5
340,3556.71
340,3745.76
340,3841.19
340,3645.41
340,3632.69
341,3586.08
341,3668.09
341,3586.52
341,3546.16
341,3647
342,3568.89
342,3523.34
342,3500.71
342,3351.39
342,3509.14
343,3534.32
343,3382.74
343,3324.95
343,3451.06
344,3351.73
344,3459.01
344,3366.7
344,3352.3
344,3358.85
345,3174.72
345,3197.74
345,3233.18
345,3235.39
345,3308.34
346,3086.46
346,3243.43
346,3102.68
346,3108.37
346,3030.17
347,3071.29
347,3037.25
347,3066.14
347,3042.49
347,3047.45
348,3050.05
348,2983.6
348,2999.54
348,2878.78
349,3005.13
349,2906.61
349,3028.92
349,2919.37
349,2989.72
350,2929.91
350,3010.14
350,3008.74
350,3004.12
350,2990.25
351,3321.15
351,3299.19
351,3151.46
351,3208.43
351,3254.8
352,3368.92
352,3506.49
352,3448.8
352,3498.98
352,3595.52
353,3716
353,3835.99
353,3945.59
353,4092.88
354,4187.36
354,4303.16
354,4349.82
354,4755.36
354,4858.65
355,4950.91
355,5150.45
355,5448.89
355,5504.51
355,5849.66
356,6183.07
356,6485.71
356,6861.82
356,7071.28
356,7638.61
357,7773.2
357,8176.04
357,8308.84
357,8864.52
357,9200.91
358,9380.56
358,9930.03
358,10396.62
358,10775.62
359,11281.7
359,11559.54
359,12205.26
359,12641.66
359,13269.47
360,13638.46
360,14274.11
360,14689.47
360,15306.4
360,16004.89
361,16848.47
361,17862.17
361,18295.68
361,19337.79
361,19865.05
362,20822.9
362,20993.11
362,21856.19
362,22064.06
362,22379.89
363,22489.39
363,23134.53
363,23775.29
363,24632.88
364,27932.99
364,31215.18
364,33749.13
364,36645.72
364,37238.28
365,36520.43
365,34726.23
365,33241.27
365,32144.13
365,31121.09
366,30238.41
366,30089
366,28787.64
366,28892.37
366,28874.31
367,28538.5
367,28440.32
367,28032.66
367,28608.66
367,28279.63
368,28306.79
368,28122.75
368,27885.7
368,27707.15
369,27818.38
369,27671.23
369,27560.53
369,27486.66
369,27049.83
370,26888.66
370,26965.47
370,26509.99
370,26499.21
370,25853.3
371,25409.24
371,25325.65
371,25289.82
371,24930.8
371,24381.96
372,24195.95
372,23644.99
372,23481.85
372,22912.21
372,22780.18
373,22393.42
373,21971.8
373,21847.28
373,21007.27
373,20956.95
374,20298.42
374,19896.93
374,19798.8
374,19360.66
375,18850.39
375,18456.65
375,17981.15
375,17749.49
375,17342.7
376,17011.32
376,16801.09
376,16094.89
376,16044.19
376,15487.84
377,15184.67
377,14856.23
377,14709.65
377,14099.47
377,13673.8
378,13456.54
378,12998.47
378,12807.45
378,12492.25
378,12386.36
379,11881.29
379,11542.83
379,11409.79
379,10975.31
379,10719.62
380,10338.64
380,10097.84
380,9788.84
380,9937.68
381,9369.87
381,9113.08
381,8891.58
381,8666.03
381,8520.81
382,8166.12
382,7861.51
382,7787.5
382,7482.41
382,7269.33
383,7097
383,7006.47
383,6887.82
383,6466.11
383,6316.79
384,6187.16
384,5909.23
384,5754.42
384,5623.01
384,5492.62
385,5366.12
385,5097.96
385,4955.38
385,4942
385,4629.64
386,4568.19
386,4350.3
386,4270.28
386,4123.41
386,4124.13
387,3867.39
387,3786.16
387,3606.45
387,3580.16
388,3386.16
388,3291.15
388,3109.38
388,3088
388,3145.4
389,2943.35
389,2871.36
389,2773.52
389,2646.2
389,2586.88
390,2510.08
390,2483.26
390,2404.86
390,2195.45
390,2137.14
391,2047.53
391,1969.42
391,1975.68
391,1859.16
391,1854.97
392,1644.98
392,1594.42
392,1623.89
392,1695.01
392,1514.29
393,1460.41
393,1422.71
393,1445.77
393,1292.12
394,1300.3
394,1194.08
394,1230.82
394,1195.72
394,1053.81
395,1011.25
395,952.21
395,987.46
395,1011.39
395,940.37
396,937.04
396,885.76
396,859.9
396,749.11
396,865.35
397,782.76
397,767.64
397,680.92
397,723.92
397,723.92
398,669.51
398,605.56
398,586.74
398,613.17
398,672.5
399,592.9
399,600.56
399,485.33
399,420.18
399,501.32
400,490.48
400,428.8
400,529.1
400,367.89
400,434.62
401,419.99
401,429.76
401,463.37
401,414.5
402,311.6
402,445.56
402,316.32
402,394.56
402,339.24
403,524.67
403,513.93
403,1560.08
403,3996.68
403,6126.15
404,7601.49
404,8558.46
404,8489.8
404,6853.78
404,5452.17
405,4250.97
405,3424.73
405,2642.98
405,1968.12
405,1496.38
406,1011.2
406,691.81
406,535.7
406,594.06
406,630.8
407,857.4
407,938.63
407,1032.87
407,770.05
407,705.1
408,602
408,547.73
408,396.49
408,318.1
408,319.54
409,282.51
409,142.49
409,242.45
409,185.87
410,231.76
410,333.31
410,173.06
410,182.55
410,286.36
411,275.15
411,266.77
411,302.01
411,261.28
411,192.47
412,251.89
412,376.6
412,274.62
412,272.98
412,300.09
413,305.87
413,276.73
413,204.75
413,276.78
413,243.46
414,344.39
414,198.49
414,239.75
414,330.33
414,264.89
415,251.79
415,285.74
415,345.88
415,321.56
415,226.8
416,388.45
416,376.36
416,285.55
416,242.59
416,327.68
417,222.9
417,311.45
417,293.83
417,202.29
418,413.2
418,306.88
418,283.33
418,216.16
418,259.59
419,438
419,305.91
419,337.36
419,334.61
419,331.92
420,347.23
420,399.96
420,286.56
420,395.77
420,340.39
421,354.36
421,350.65
421,317.52
421,302.69
421,586.64
422,420.37
422,309.19
422,252.32
422,384.45
422,384.16
423,462.22
423,308.23
423,400.97
423,369.38
423,394.08
424,374.05
424,303.6
424,419.31
424,407.66
424,317.86
425,394.9
425,410.84
425,615.72
425,486.92
425,401.4
426,462.75
426,442.33
426,503.92
426,487.21
426,496.36
427,474.35
427,545.47
427,448.2
427,538.92
428,594.39
428,503.82
428,464.96
428,525.73
428,681.02
429,535.5
429,639.51
429,567.48
429,546.43
429,496.31
430,547.83
430,513.21
430,685.93
430,596.13
430,596.95
431,653.62
431,764.03
431,666.77
431,613.61
431,584.62
432,622.08
432,664.98
432,693.06
432,640.72
432,641.25
433,766.06
433,732.64
433,789.6
433,927.41
433,926.11
434,1046.25
434,1385.97
434,1944.43
434,5588.87
434,11209.76
435,15083.84
435,17623.09
435,19822.58
435,18443.89
435,13561.13
436,10926.39
436,8994.57
436,7665.1
436,6618.41
436,5386.35
437,4403.99
437,3387.31
437,2689.15
437,1970.39
437,1454.39
438,1155.46
438,1110.54
438,954.62
438,959.39
438,857.06
439,940.7
439,971.09
439,902.57
439,941.38
440,873.48
440,956.55
440,922.21
440,848.3
440,918.17
441,914.85
441,845.03
441,825.96
441,952.45
441,1025.02
442,958.18
442,960.69
442,867.27
442,1019.96
442,965.16
443,993.67
443,986.88
443,1034.65
443,899.1
443,882.54
444,990.4
444,994.3
444,973.83
444,952.36
444,935.94
445,920.96
445,1033.73
445,1025.93
445,1088.39
445,1068.88
446,970.17
446,1014.04
446,1146.94
446,1091.42
446,986.69
447,1003.11
447,1024.1
447,1144.19
447,1008.6
447,1036.72
448,1103.51
448,1152.86
448,1154.59
448,1129.94
448,1239.68
449,1255.38
449,1111.21
449,1126.04
449,1156.57
449,1097.1
450,1118
450,1070.28
450,1111.79
450,1245.36
450,1227.02
451,1186.52
451,1163.7
451,1116.65
451,1161.77
451,1220.47
452,1199.71
452,1216.09
452,1216.81
452,1198.46
452,1204.24
453,1190.03
453,1168.56
453,1159.02
453,1266.31
453,1344.36
454,1258.56
454,1185.89
454,1264.19
454,1281.09
454,1188.3
455,1381.58
455,1246.47
455,1291.78
455,1251.04
455,1206.65
456,1464.65
456,1272.86
456,1341.33
456,1453.09
457,1312.39
457,1439.51
457,1303.05
457,1297.85
457,1365.79
458,1370.32
458,1358.9
458,1350.57
458,1347.2
458,1398.29
459,1332.57
459,1453.38
459,1400.32
459,1529.84
459,1409.03
460,1481.55
460,1428
460,1433.3
460,1493.63
460,1400.75
461,1429.35
461,1547.18
461,1458.63
461,1475.96
461,1399.74
462,1511.45
462,1526.23
462,1604.05
462,1485.16
462,1501.05
463,1514.72
463,1627.11
463,1576.36
463,1566.78
463,1507.21
464,1532.11
464,1740.61
464,1667.32
464,1657.69
464,1540.25
465,1631.97
465,1696.64
465,1622.3
465,1688.65
465,1707.81
466,1683.93
466,1650.71
466,1627.54
466,1726.21
466,1722.4
467,1711.28
467,1723.27
467,1723.95
467,1770.99
467,1756.35
468,1789.82
468,1743.93
468,1788.47
468,1865.46
468,1858.29
469,1833.49
469,1872.25
469,1838.21
469,1817.94
469,2018.4
470,1920.5
470,2008.19
470,1971.4
470,1986.13
470,1970.58
471,2039.87
471,1945.44
471,2118.21
471,1978.28
471,1940.58
472,2022.63
472,2095.29
472,2145.32
472,2063.18
472,2104.54
473,2100.88
473,2183.99
473,2145.66
473,2167.23
473,2153.46
474,2193.14
474,2147.68
474,2214.52
474,2250.73
474,2213.6
475,2142.29
475,2252.85
475,2164.01
475,2403.47
475,2265.9
476,2264.6
476,2260.94
476,2339.81
476,2332.54
476,2303.07
477,2456.87
477,2390.03
477,2372.75
477,2474.83
477,2421.04
478,2565.21
478,2475.17
478,2575.9
478,2515.9
478,2557.99
479,2583.41
479,2564.2
479,2624.24
479,2678.66
479,2730.95
480,2600.94
480,2728.59
480,2688.05
480,2818.11
480,2789.07
481,2770.19
481,2887.11
481,2811.22
481,3062.33
481,2997.86
482,3023.38
482,2998.87
482,2990.35
482,3184.4
482,3280.37
483,3280.08
483,3360.01
483,3341.23
483,3439.6
483,3496.18
484,3600.48
484,3519.54
484,3749.37
484,3845.53
484,3972.94
485,4123.89
485,4105.98
485,4205.94
485,4237.97
485,4440.73
486,4532.37
486,4517.59
486,4546.48
486,4650.1
486,4728.68
487,4626.12
487,4627.18
487,4677.88
487,4643.41
487,4663.58
488,4632.81
488,4616.78
488,4525.58
488,4424.56
488,4495.44
489,4478.92
489,4499.48
489,4325.75
489,4382.9
489,4248.17
490,4272.64
490,4185.24
490,4276.3
490,4326.47
490,4293.39
491,4303.93
491,4418.68
491,4284.05
491,4253.04
491,4234.88
492,4192.9
492,4093.46
492,4011.41
492,4151.29
492,4046.66
493,3996.72
493,3936.68
493,3785.34
493,3923
493,3813.89
494,3984.73
494,3877.02
494,3850.53
494,3800.55
494,3774.31
495,3748.89
495,3734.54
495,3667.7
495,3670.35
495,3682.15
496,3656.19
496,3698.95
496,3595.33
496,3523.24
496,3580.69
497,3668.47
497,3705.36
497,3555.46
497,3487.56
497,3515.97
498,3431.13
498,3433.39
498,3487.76
498,3456.27
498,3417.45
499,3309.21
499,3298.42
499,3346.96
499,3355.24
499,3273.72
500,3399.35
500,3350.09
500,3269.24
500,3214.4
500,3287.93
501,3157.72
501,3169.13
501,3221.96
501,3147.47
501,3111.93
502,3176.41
502,3065.56
502,3164.9
502,3145.59
502,3143.13
503,3006.96
503,3084.15
503,3076.97
503,3009.75
503,3038.83
504,3024.97
504,3040.81
504,2995.21
504,2951.53
504,3040.91
505,3047.45
505,2950.09
505,3017.74
505,2941.18
505,3070.42
506,2991.31
506,2896.59
506,2906.71
506,2953.94
506,3001.28
507,3071.77
507,2941.23
507,2955.15
507,3137.45
507,2896.98
508,2910.85
508,2913.78
508,2965.35
508,3065.66
508,2940.03
509,2978.31
509,3037.2
509,2925.63
509,2917.01
509,2991.89
510,2981.29
510,2961.94
510,2892.98
510,3061.66
510,2940.22
510,3010.71
511,2894.96
511,2925.2
511,2975.76
511,2881.38
511,2885.04
512,2979.85
512,2917.97
512,2888.74
512,2896.4
512,2883.16
513,2864.19
513,2918.89
513,2891.54
513,2845.02
513,2865.34
514,2878.73
514,2861.15
514,2773.76
514,2752.81
514,2878.73
515,2712.51
515,2837.41
515,2734.22
515,2771.4
515,2797.88
516,2771.21
516,2594.01
516,2729.36
516,2646.11
516,2755.27
517,2679.86
517,2585.19
517,2619.24
517,2612.06
517,2564.15
518,2509.07
518,2531.99
518,2611.34
518,2490.72
518,2607.01
519,2543.4
519,2406.74
519,2515.42
519,2445.55
519,2396.24
520,2510.37
520,2405.88
520,2451.38
520,2409.68
520,2345.3
521,2373.85
521,2318.43
521,2329.65
521,2315.54
521,2319.68
522,2266.96
522,2261.32
522,2262.04
522,2337.31
522,2236.81
523,2227.91
523,2141.09
523,2236.96
523,2133.48
523,2096.02
524,2063.08
524,2048.06
524,2023.93
524,1987.48
524,2086.34
525,2035.87
525,1957.92
525,2080.42
525,2219.91
525,1996.2
526,1964.71
526,1953.58
526,1904.18
526,2045.07
526,1825.16
526,1813.32
527,1908.85
527,1916.75
527,1723.95
527,1896.62
527,1870.81
528,1798.44
528,1898.06
528,1778.79
528,1674.16
528,1756.16
529,1786.06
529,1689.42
529,1780.81
529,1859.16
529,1637.42
530,1757.36
530,1757.56
530,1709.4
530,1646.81
530,1638.91
531,1620.03
531,1629.76
531,1577.56
531,1632.5
531,1568.85
532,1600.82
532,1601.88
532,1634.96
532,1710.8
532,1860.22
533,1664.24
533,1826.99
533,1731.65
533,1656.24
533,1608.14
534,1700.21
534,1572.99
534,1638.91
534,1568.75
534,1582.86
535,1727.75
535,1538.03
535,1597.55
535,1588.4
535,1650.99
536,1682.92
536,1646.23
536,1635.54
536,1756.35
536,1918.19
537,1912.75
537,2078.34
537,2070.5
537,2142.68
537,2249.24
538,2366.92
538,2235.99
538,2367.84
538,2524.43
538,2466.07
538,2651.6
539,2824.51
539,3080.87
539,3392.27
539,3747.87
539,4012.76
540,4396.72
540,4867.99
540,5569.08
540,6400.38
540,7241.69
541,8147.58
541,8839.86
541,9226.72
541,9470.65
541,9519
542,9453.32
542,9179.48
542,8932.36
542,8907.85
542,8811.84
543,8707.97
543,8617.4
543,8575.46
543,8718.18
543,8495.62
544,8368.98
544,8357.57
544,8225.78
544,8251.59
544,8718.52
545,11506.72
545,18936.25
545,24078.84
545,27619.71
545,29920.42
546,30094.48
546,25391.52
546,20593.74
546,17675.58
546,16101.58
547,14658.51
547,13813.68
547,12741.29
547,11844.31
547,10864.08
547,9898.39
548,8932.41
548,8099.43
548,7035.02
548,6192.51
548,5437.1
549,5039.55
549,4696.95
549,4363.4
549,4110.12
549,3914.67
550,3777.01
550,3580.83
550,3377.44
550,3243.58
550,3071.67
551,2902.13
551,2851.52
551,2753
551,2605.71
551,2480.46
552,2280.82
552,2291.51
552,2238.79
552,2069.1
552,1938.7
553,1982.91
553,1881.45
553,1704.3
553,1662.21
553,1650.22
554,1472.74
554,1387.41
554,1485.26
554,1242.76
554,1205.73
555,1257.88
555,1194.22
555,1215.84
555,1150.21
555,1054.58
555,934.3
556,1084.92
556,912.15
556,908.73
556,957.17
556,986.64
557,823.31
557,808.81
557,757.63
557,842.71
557,810.74
558,697.97
558,806.65
558,770.92
558,761.43
558,695.08
559,668.64
559,668.21
559,746.22
559,744.68
559,779.83
560,674.18
560,726.33
560,653.38
560,680.06
560,644.57
561,645.72
561,601.04
561,612.55
561,611.34
561,647.89
562,503.96
562,647.41
562,612.11
562,520.91
562,500.88
562,554.86
563,674.33
563,514.89
563,506.52
563,460.19
563,483.93
564,501.22
564,546.67
564,496.64
564,605.71
564,516.63
565,547.73
565,388.21
565,465.44
565,463.61
565,488.8
566,468.91
566,480.37
566,405.83
566,425.76
566,345.3
567,392.25
567,434.62
567,355.99
567,463.8
567,433.9
568,414.98
568,435.3
568,422.15
568,482.83
568,386.33
568,406.46
569,322.38
569,440.11
569,546.24
569,355.08
569,352.48
570,422.3
570,378.24
570,348.77
570,396.68
570,434.77
571,390.52
571,256.22
571,468.28
571,487.83
571,289.35
572,400.05
572,332.35
572,434.58
572,377.37
572,396.58
573,319.54
573,365.62
573,339.62
573,327.15
573,270.62
574,349.97
574,332.11
574,322.57
574,417.39
574,303.55
574,429.09
575,406.36
575,459.86
575,491.93
575,445.65
575,755.9
576,1875.38
576,2553.22
576,3223.98
576,3545.39
576,3826.65
577,3283.74
577,2529.43
577,2073.48
577,1948.62
577,1781.01
578,2088.26
578,2810.06
578,3472.44
578,3846.97
578,4118.89
579,4058.74
579,3522.28
579,2885.08
579,2489.8
579,2388.93
580,2197.62
580,2204.55
580,2198.53
580,2129.87
580,1851.5
580,1739.69
581,1662.26
581,1605.78
581,1549.54
581,1513.14
581,1638.72
582,1720.19
582,1624.66
582,1743.54
582,1800.41
582,1823.48
583,1809.85
583,1771.38
583,1897.29
583,1772.96
583,1858.87
584,1853.86
584,1897.39
584,1769.55
584,1831.76
584,1722.4
585,1693.37
585,1610.6
585,1577.18
585,1643.15
585,1596.34
585,1537.31
586,1680.46
586,1717.16
586,2109.4
586,2362.63
586,2554.23
587,2712.89
587,2859.37
587,2697.2
587,2377.75
587,2265.9
588,2033.47
588,1935.28
588,1819.72
588,1724.14
588,1647.09
589,1530.42
589,1452.7
589,1429.45
589,1319.32
589,1267.66
590,1210.98
590,1210.21
590,1245.51
590,1250.61
590,1240.88
590,1258.03
591,1278.78
591,1279.69
591,1420.92
591,1369.06
591,1585.32
592,1609.82
592,1840.43
592,2017.96
592,2132.42
592,2249.04
593,2184.47
593,2185.87
593,2151.54
593,2019.55
593,1819.43
594,1727.6
594,1611.46
594,1572.99
594,1408.79
594,1333.53
595,1270.45
595,1198.17
595,1128.69
595,1238.52
595,1224.03
595,1013.32
596,1017.36
596,1031.04
596,936.08
596,926.35
596,895.54
597,956.06
597,1015.68
597,992.37
597,949.85
597,1001.37
598,1129.89
598,1170.24
598,1216.04
598,1306.51
598,1382.07
599,1342.73
599,1527.1
599,1572.6
599,1636.93
599,1513.52
599,1542.8
600,1571.93
600,1442.64
600,1370.46
600,1338.49
600,1223.21
601,1112.94
601,1102.69
601,1068.88
601,995.31
601,1010.62
602,845.84
602,929.1
602,803.76
602,899.05
602,684.68
603,815.99
603,740.58
603,782.28
603,755.03
603,755.85
603,800.63
604,843.44
604,830.19
604,767.02
604,816.47
604,833.08
605,766.68
605,806.98
605,940.99
605,907.29
605,879.55
606,940.56
606,916.29
606,977.68
606,1019.05
606,1063.97
607,1159.75
607,1278.88
607,1095.75
607,1268.04
607,1250.85
608,1359.43
608,1516.51
608,1502.78
608,1589.17
608,1900.71
608,1938.08
609,2116.43
609,2534.92
609,2938.44
609,3483.04
609,4275
610,5456.5
610,7591.57
610,10053.1
610,13009.98
610,15430.78
611,17393.6
611,18031.42
611,17718
611,16508.61
611,15050.71
611,13735.05
612,12733.58
612,11896.32
612,11198.11
612,10426.09
612,9618
613,9091.26
613,8457.87
613,7733.33
613,7204.33
613,6777.03
614,6315.54
614,6035.63
614,5742.67
614,5433
614,5095.07
615,4725.17
615,4398.46
615,4026
615,3803.78
615,3527.24
615,3241.94
616,3094.02
616,2777.85
616,2543.11
616,2462.55
616,2257.76
617,2033.27
617,2023.4
617,1819.38
617,1955.32
617,1768.25
618,1616.86
618,1601.69
618,1576.31
618,1602.6
618,1458.96
619,1532.4
619,1482.22
619,1571.78
619,1579.34
619,1608.28
619,1539.52
620,1521.61
620,1475.14
620,1606.84
620,1472.88
620,1666.5
621,1600.1
621,1609.39
621,1662.17
621,1661.01
621,1613.58
622,1567.74
622,1626.34
622,1743.83
622,1716
622,1801.81
623,1786.69
623,1810.28
623,1741.81
623,1808.21
623,1851.26
623,1880.2
624,1741.52
624,1818.52
624,1854.63
624,1859.01
624,1695.39
625,1882.9
625,1753.66
625,1874.28
625,1815.19
625,1830.36
626,1888.43
626,1895.56
626,1822.71
626,1798.97
626,1717.2
626,1797.76
627,1678.83
627,1722.74
627,1646.85
627,1683.5
627,1653.84
628,1617.77
628,1692.07
628,1593.4
628,1626.77
628,1631.16
629,1712.2
629,1623.31
629,1672.28
629,1746.67
629,1814.04
630,2101.84
630,2191.65
630,2612.35
630,2624
630,2806.16
630,2851.23
631,2856.63
631,2682.56
631,2593.09
631,2279.48
631,2031.06
632,1968.17
632,1573.86
632,1535.91
632,1356.06
632,1343.64
633,1173.37
633,1118.19
633,1084.82
633,935.74
633,819.12
633,879.74
634,784.5
634,706.59
634,796.05
634,674.18
634,750.94
635,680.87
635,699.37
635,762.64
635,818.01
635,647.22
636,639.8
636,612.07
636,637.87
636,695.42
636,674.09
636,627.43
637,680.1
637,647.02
637,644.38
637,569.07
637,639.46
638,635.61
638,573.11
638,593.53
638,554.38
638,633.88
639,611.54
639,619.58
639,608.36
639,595.74
639,639.13
639,480.85
640,516.96
640,556.35
640,556.4
640,616.54
640,534.54
641,531.22
641,574.31
641,634.12
641,538.1
641,638.55
642,511.48
642,507.96
642,565.74
642,639.51
642,458.22
642,573.35
643,624.58
643,563.72
643,513.55
643,654.25
643,503.43
644,573.06
644,559.68
644,593.82
644,564.92
644,455.09
645,533.82
645,467.37
645,564.15
645,613.32
645,589.67
645,552.07
646,551.73
646,526.45
646,559.87
646,587.75
646,503.58
647,494
647,523.27
647,534.3
647,471.85
647,551.59
648,553.99
648,495.15
648,538.1
648,500.79
648,622.8
648,553.61
649,517.11
649,673.7
649,703.51
649,819.75
649,861.2
650,819.46
650,1092.09
650,1058.68
650,966.18
650,898.19
651,820.61
651,777.61
651,807.32
651,650.01
651,704.32
651,681.21
652,588.71
652,766.54
652,624.1
652,704.08
652,666.24
653,673.03
653,605.47
653,617.7
653,565.31
653,646.21
654,493.71
654,520.19
654,555.05
654,538.34
654,586.79
654,417.1
655,467.51
655,531.07
655,480.95
655,374.05
655,454.61
656,510.32
656,597.09
656,550.62
656,435.92
656,399.52
657,453.31
657,513.93
657,433.42
657,448.54
657,463.61
657,401.45
658,453.5
658,361.53
658,543.06
658,387.72
658,414.98
659,389.94
659,406.22
659,407.76
659,369.38
659,357.39
659,390.18
660,390.18
660,292.62
660,422.15
660,355.08
660,393.7
661,401.11
661,422.35
661,497.46
661,578.21
661,448.01
662,655.21
662,544.32
662,723.97
662,639.75
662,639.03
662,510.46
663,419.26
663,569.11
663,374.48
663,488.84
663,446.61
664,355.56
664,442.96
664,387.24
664,430.63
664,302.11
665,306.35
665,424.22
665,370.68
665,311.45
665,358.21
665,360.47
666,282.99
666,383.54
666,448.01
666,338.51
666,354.69
667,336.73
667,285.83
667,317.57
667,335
667,334.85
667,377.76
668,480.18
668,262.14
668,255.21
668,299.22
668,368.95
669,397.88
669,302.78
669,290.12
669,359.65
669,259.25
670,313.62
670,284.78
670,462.79
670,242.35
670,261.76
670,272.26
671,279.67
671,248.04
671,350.17
671,252.47
671,253.43
672,263.25
672,216.4
672,238.98
672,280.44
672,312.46
672,270.28
673,245.77
673,261.61
673,255.88
673,199.88
673,347.23
674,279.33
674,202.34
674,242.59
674,248.81
674,310.54
675,199.26
675,269.27
675,251.74
675,417.15
675,223.33
675,212.5
676,215.15
676,128.76
676,198.92
676,194.54
676,203.4
677,233.2
677,135.84
677,82.2
677,131.07
677,301.63
677,193.82
678,217.75
678,179.32
678,236.24
678,135.07
678,209.75
679,249.19
679,310.1
679,226.22
679,194.73
679,236.77
679,239.22
680,244.91
680,294.84
680,234.46
680,280.39
680,136.23
681,250.25
681,225.26
681,202.44
681,269.85
681,218.52
682,220.3
682,267.59
682,257.18
682,190.01
682,216.98
682,183.51
683,186.16
683,106.71
683,225.89
683,189.05
683,224.2
684,169.84
684,284.92
684,201.14
684,224.97
684,167.67
684,170.7
685,201.71
685,204.17
685,201.09
685,150.91
685,223.96
686,237.59
686,261.28
686,286.89
686,321.66
686,316.56
686,340.97
687,416.28
687,489.37
687,446.71
687,411.95
687,342.99
688,494.19
688,382.43
688,295.95
688,265.03
688,237.3
689,185.92
689,213.03
689,137.57
689,265.9
689,133.48
689,225.55
690,229.55
690,328.26
690,332.73
690,180.04
690,178.21
691,274.95
691,171.04
691,147.16
691,136.23
691,143.45
691,107.62
692,196.42
692,145.52
692,125.1
692,229.3
692,261.52
693,290.26
693,380.65
693,333.79
693,376.07
693,269.7
693,304.04
694,197.52
694,123.08
694,164.73
694,170.99
694,175.04
695,202.19
695,151.2
695,212.16
695,419.31
695,764.66
695,925.29
696,962.61
696,1071.77
696,1051.74
696,893.61
696,658.05
697,481.77
697,467.95
697,420.56
697,245.44
697,274.62
697,208.07
698,142.29
698,207.25
698,135.79
698,199.84
698,38.91
699,202.68
699,128.18
699,110.18
699,102.76
699,88.84
699,12.57
700,101.51
700,93.18
700,107.91
700,121.64
700,95.68
701,189.34
701,93.47
701,14.79
701,145.86
701,152.36
701,76.57
702,117.54
702,234.41
702,163.43
702,160.06
702,23.55
703,88.51
703,128.43
703,229.06
703,81.19
703,203.78
703,131.65
704,182.45
704,210.19
704,201.33
704,133.82
704,282.8
705,287.38
705,276.88
705,366.59
705,521.59
705,849.12
705,1179.25
706,1275.7
706,1552.19
706,1624.9
706,1488.67
706,1224.42
707,1158.98
707,963.14
707,797.55
707,658
707,600.65
707,609.32
708,612.98
708,784.02
708,813.58
708,837.71
708,879.31
709,793.36
709,665.85
709,586.93
709,407.13
709,409.15
709,347.76
710,215.82
710,258.1
710,277.26
710,193.58
710,289.11
711,301.2
711,447.96
711,525.25
711,555.05
711,627.86
711,589.29
712,598.44
712,669.75
712,543.21
712,470.26
712,332.93
713,380.26
713,247.22
713,299.37
713,238.26
713,169.02
713,240.28
714,251.65
714,199.06
714,180.43
714,117.93
714,162.42
715,172.29
715,141.67
715,94.05
715,147.78
715,69.49
715,108.59
716,31.3
716,63.9
716,97.85
716,18.25
716,-0.19
717,42.71
717,-11.79
717,36.21
717,91.2
717,110.42
717,89.76
718,83.74
718,31.54
718,130.11
718,119.42
718,9.54
719,79.07
719,5.59
719,-2.16
719,14.64
719,97.27
719,37.23
720,52.59
720,64.29
720,157.65
720,26.97
720,124.53
721,20.13
721,31.16
721,146.72
721,104.98
721,102.42
721,73.82
722,6.94
722,103.87
722,66.69
722,-28.89
722,-32.74
723,60.72
723,50.8
723,133.58
723,11.03
723,47.82
723,-32.5
724,-13.33
724,7.32
724,71.56
724,41.56
724,96.79
724,55.43
725,52.59
725,-20.99
725,98.09
725,9.2
725,64.58
726,3.13
726,189.87
726,225.21
726,301
726,273.7
726,358.21
727,319.73
727,233.4
727,190.25
727,163.38
727,136.95
728,123.03
728,76.57
728,72.52
728,64.86
728,70.74
728,44.79
729,122.41
729,55.33
729,55.14
729,34.1
729,81.86
730,32.89
730,92.99
730,1.4
730,21.34
730,43.53
730,145.09
731,30.24
731,37.47
731,103
731,22.73
731,-29.95
732,-23.25
732,17.05
732,84.7
732,-33.94
732,6.17
732,-20.46
733,-5.68
733,53.89
733,32.07
733,-5.92
733,138.01
733,105.99
734,18.59
734,24.56
734,138.73
734,-17.62
734,76.04
735,97.37
735,100.98
735,42.04
735,34.63
735,38.86
735,29.23
736,47.14
736,43.44
736,199.02
736,67.85
736,63.81
737,151.49
737,424.03
737,1109.24
737,1297.9
737,1526.52
737,1632.17
738,1641.99
738,1284.27
738,865.63
738,706.92
738,530.35
738,361.82
739,299.8
739,272.88
739,162.66
739,91.16
739,103.58
740,79.89
740,196.27
740,18.54
740,69.01
740,58.17
740,72.71
741,169.79
741,56.34
741,89.23
741,64.09
741,103.58
742,43
742,58.27
742,5.97
742,44.79
742,101.41
742,92.07
743,40.45
743,19.36
743,78.64
743,61.35
743,208.36
743,50.66
744,142.82
744,-12.66
744,-35.58
744,4.96
744,51.82
745,103.15
745,-18.63
745,-37.94
745,95.73
745,92.07
745,34.53
746,-33.32
746,100.35
746,84.37
746,141.62
746,-31.15
747,-2.84
747,181.2
747,14.16
747,-15.84
747,4.24
747,92.84
748,-16.42
748,-19.88
748,46.81
748,59.42
748,136.47
748,166.61
749,416.09
749,917.54
749,1138.75
749,1346.43
749,1403.54
750,1549.68
750,1587.43
750,1653.35
750,1746.19
750,1902.69
750,1926.95
751,1847.74
751,1469.22
751,935.07
751,711.11
751,635.18
751,427.55
752,519.95
752,249.67
752,162.57
752,135.79
752,138.06
753,280.06
753,36.7
753,81.19
753,3.09
753,-4.71
753,33.08
754,29.86
754,4.77
754,26.01
754,66.45
754,45.89
754,-37.07
755,75.94
755,56.82
755,83.31
755,176.14
755,95.78
756,-6.21
756,99.05
756,-80.31
756,118.12
756,-19.88
756,-55.13
757,-8.71
757,-16.46
757,-28.45
757,81.53
757,127.22
758,47.92
758,45.84
758,37.56
758,15.94
758,19.22
758,29.52
759,-15.98
759,3.09
759,1.88
759,18.11
759,83.79
759,56.25
760,127.61
760,3.76
760,86.53
760,73.72
760,69.44
761,-14.59
761,96.31
761,10.26
761,105.99
761,165.6
761,191.99
762,770.82
762,2005.97
762,3651.33
762,4384.06
762,4843.72
762,5126.76
763,4763.31
763,3700.93
763,2340.05
763,1902.16
763,1581.42
764,1301.8
764,1049.77
764,833.04
764,648.9
764,479.65
764,298.88
765,201.76
765,177.11
765,303.89
765,12.81
765,109.45
765,77.82
766,120.91
766,65.25
766,110.42
766,87.35
766,58.85
766,-0.53
767,47.48
767,13.49
767,75.31
767,-38.42
767,67.66
768,105.02
768,-11.12
768,14.16
768,5.06
768,18.01
768,22.2
769,56.92
769,81.33
769,-3.8
769,102.18
769,-7.03
769,55.48
770,-9.48
770,90.82
770,56.34
770,42.67
770,81.72
771,580
771,895.78
771,1200.44
771,1380.38
771,1552.04
771,1497.92
772,1256.29
772,844.4
772,591.55
772,507.24
772,448.69
772,400.24
773,470.16
773,259.3
773,173.88
773,112.68
773,153.51
774,51.24
774,92.6
774,35.88
774,17.63
774,15.32
774,15.41
775,-2.11
775,66.74
775,-9.58
775,52.68
775,5.73
775,111.52
776,45.6
776,9.54
776,-10.44
776,-21.81
776,26.68
776,160.3
777,-31.1
777,64.43
777,-26.72
777,23.69
777,4.53
778,-11.17
778,66.55
778,47.72
778,54.32
778,-6.54
778,-23.35
779,65.15
779,-26.77
779,25.48
779,43.34
779,32.84
779,-14.73
780,-0.48
780,-66.64
780,-20.46
780,-34.33
780,45.6
781,2.6
781,-15.74
781,-33.75
781,-1.49
781,-38.76
781,200.89
782,-8.81
782,56.73
782,-82.96
782,26.92
782,52.25
782,-42.85
783,-47.91
783,149.71
783,-13.67
783,47.24
783,12.62
783,95.59
784,58.03
784,28.41
784,52.01
784,97.66
784,-3.75
785,-28.45
785,54.18
785,-67.31
785,-65.34
785,34.48
785,59.28
786,87.16
786,30.05
786,15.85
786,26.1
786,-24.65
786,-18.15
787,27.6
787,33.47
787,1.98
787,8.96
787,23.21
787,34.91
788,46.86
788,49.99
788,52.68
788,-5.34
788,46.13
789,-28.98
789,-10.44
789,10.16
789,38.43
789,76.66
789,38.43
790,9.2
790,92.5
790,-60.14
790,37.71
790,76.13
790,42.86
791,-69.34
791,37.9
791,66.36
791,-43.24
791,-8.81
791,51.91
792,-45.88
792,-18.39
792,1.21
792,17.29
792,56.39
792,51
793,93.42
793,244.86
793,511.67
793,625.11
793,721.9
794,754.74
794,880.71
794,740.63
794,580.38
794,559.24
794,370.1
795,418.69
795,282.03
795,287.71
795,274.81
795,129
795,94.29
796,124.72
796,79.94
796,114.17
796,31.69
796,2.36
796,-13.38
797,68.43
797,-43.53
797,70.07
797,-3.94
797,-6.11
798,-47.81
798,88.03
798,83.69
798,150.09
798,-8.28
798,54.18
799,81.48
799,101.22
799,256.51
799,346.36
799,339.77
799,552.69
800,800
800,899.39
800,936.8
800,1001.09
800,1125.22
800,1185.6
801,895.44
801,838.52
801,525.73
801,607.11
801,470.5
801,414.16
802,418.45
802,237.44
802,102.04
802,118.46
802,94.67
803,55.14
803,136.42
803,-0.77
803,64
803,-29.27
803,-29.18
804,31.16
804,-76.85
804,12.96
804,-14.1
804,131.46
804,-15.07
805,52.63
805,22.59
805,41.27
805,-39.96
805,-55.08
805,19.99
806,-14.59
806,-32.88
806,32.22
806,-15.31
806,157.12
806,-20.8
807,5.93
807,-17.28
807,-24.36
807,-111.66
807,36.94
807,35.88
808,5.4
808,-58.4
808,21.53
808,107.24
808,224.92
809,218.23
809,453.26
809,605.56
809,771.69
809,768.66
809,976.53
810,1295.39
810,1463.68
810,1889.01
810,2412.09
810,2784.64
810,2829.04
811,2741.64
811,2538.34
811,2057.11
811,1645.6
811,1227.4
811,1153.34
812,1119.2
812,866.69
812,660.84
812,531.36
812,396.58
812,288
813,81.28
813,55.72
813,228.2
813,194.11
813,95.39
813,83.74
814,78.93
814,29.47
814,121.35
814,-14.87
814,61.88
814,60.68
815,-93.89
815,51.67
815,20.71
815,88.03
815,-47.62
816,-22.92
816,-13.24
816,-1.97
816,-70.68
816,6.07
816,2.99
817,56.34
817,58.12
817,-29.75
817,16.62
817,-58.31
817,-56.77
818,101.03
818,2.41
818,158.38
818,-12.32
818,30.58
818,-30.81
819,52.63
819,6.41
819,-15.55
819,124.86
819,165.7
819,35.54
820,90.29
820,28.85
820,15.7
820,37.66
820,18.06
820,107.96
821,0.73
821,76.76
821,-4.19
821,45.27
821,64.91
821,18.98
822,122.84
822,-60.43
822,-35.15
822,-60.67
822,54.8
822,30.97
823,10.12
823,51.09
823,26.34
823,57.79
823,-32.21
824,92.31
824,-35.97
824,48.93
824,66.89
824,32.7
824,-11.07
825,16.66
825,219.29
825,74.45
825,172.73
825,284.87
825,263.59
826,185
826,264.98
826,297.58
826,205.32
826,46.33
826,145.28
827,73.2
827,123.51
827,91.54
827,65.64
827,131.8
827,42.09
828,16.47
828,16.13
828,46.18
828,58.8
828,-53.44
828,-4.81
829,96.26
829,55.48
829,62.55
829,5.06
829,-17.04
829,17.34
830,-85.18
830,91.73
830,-6.26
830,-57.01
830,-38.57
830,23.79
831,-35.29
831,1.26
831,-22.19
831,-12.61
831,12.52
831,30.48
832,2.41
832,38.24
832,10.89
832,10.89
832,1.98
832,-39.24
833,-29.27
833,-40.88
833,110.03
833,11.95
833,-44.25
833,83.5
834,-86.14
834,81.28
834,86.44
834,33.76
834,59.91
834,57.21
835,15.12
835,52.88
835,-19.3
835,97.61
835,-14.01
836,-59.75
836,-16.37
836,19.6
836,-47.67
836,5.49
836,7.47
837,-31.92
837,63.9
837,55.23
837,29.71
837,-90.14
837,-43.33
838,63.08
838,-9.92
838,-23.06
838,-35.68
838,-4.33
838,-5.97
839,56.29
839,72.42
839,136.47
839,-29.27
839,34.14
839,81.96
840,332.98
840,182.69
840,269.03
840,274.81
840,394.37
840,251.74
841,320.65
841,304.28
841,373.57
841,245.29
841,296.81
841,499.68
842,556.74
842,477.77
842,529.44
842,530.74
842,423.02
842,352.91
843,306.11
843,231.33
843,188.09
843,77.1
843,81.38
843,42.86
844,82.25
844,-21.71
844,24.42
844,-8.18
844,-79.69
844,-59.13
845,84.03
845,56.73
845,92.65
845,15.03
845,11.99
845,41.85
846,93.18
846,-33.65
846,-48.82
846,-17.96
846,71.75
846,-54.7
847,41.61
847,-29.22
847,23.55
847,-15.65
847,76.76
847,15.51
848,22.83
848,8.05
848,67.18
848,17.24
848,16.38
848,82.92
849,-143.54
849,-4.91
849,34.1
849,-41.21
849,71.85
849,-48.77
850,-15.5
850,2.17
850,14.93
850,33.95
850,94.48
850,-76.94
851,8.67
851,10.69
851,23.98
851,29.95
851,39.01
851,26.78
852,157.37
852,118.8
852,71.56
852,84.17
852,79.36
852,53.4
853,35.01
853,56.05
853,38.57
853,1.83
853,-32.69
853,74.45
854,2.89
854,-83.4
854,16.57
854,35.68
854,101.51
854,-80.17
855,-21.91
855,17.68
855,47.14
855,101.36
855,-2.74
855,25.62
856,-32.31
856,30
856,40.84
856,126.55
856,-16.08
856,-31.73
857,46.76
857,-80.41
857,-1.54
857,-30.33
857,-60.52
857,56.63
858,-53.2
858,22.35
858,42.71
858,-21.66
858,148.26
858,31.4
859,105.22
859,148.84
859,10.45
859,-76.56
859,32.03
859,-32.59
860,-14.2
860,-85.71
860,53.07
860,12.62
860,111.33
860,-1.59
861,63.56
861,161.7
861,-24.46
861,49.46
861,5.01
861,21
862,37.85
862,-58.45
862,-40.54
862,-8.37
862,57.69
862,30.97
863,-5.68
863,-14.92
863,70.93
863,-68.13
863,33.9
863,6.26
864,33.52
864,-16.56
864,0.53
864,-66.16
864,28.17
864,-23.06
864,58.75
865,93.23
865,-29.51
865,0.53
865,139.65
865,-64.57
865,77.48
866,-43.09
866,-7.07
866,-5.87
866,63.52
866,-34.91
866,-9.96
867,49.89
867,46.76
867,-19.16
867,86.68
867,79.02
867,30.05
868,68.04
868,-72.22
868,10.84
868,117.83
868,-12.03
868,-21.13
869,70.98
869,80.47
869,-49.93
869,35.01
869,-24.75
869,46.37
870,29.67
870,-3.7
870,105.02
870,53.55
870,88.22
870,-7.07
871,121.15
871,-27.11
871,-11.89
871,67.27
871,0.49
871,52.01
872,4.92
872,34.34
872,-11.99
872,-4.76
872,63.85
872,-17.23
873,88.65
873,33.23
873,86.39
873,-76.99
873,33.42
873,63.28
874,6.12
874,-18.92
874,86.2
874,-11.6
874,-49.54
874,-7.12
875,86.82
875,-52.39
875,42.09
875,23.31
875,110.75
875,29.38
875,-40.25
876,-63.46
876,41.99
876,39.68
876,-18.34
876,6.5
876,-69.86
877,62.26
877,-47.33
877,-17.48
877,4.48
877,-13.38
877,-49.16
878,-4.09
878,46.47
878,76.13
878,-57.92
878,80.13
878,-27.3
879,-3.46
879,10.36
879,-11.79
879,-61.2
879,65.06
879,113.5
880,24.51
880,43.82
880,42.09
880,1.45
880,-66.69
880,12.19
881,35.11
881,14.79
881,75.99
881,44.54
881,-72.18
881,27.74
882,-28.45
882,100.88
882,-4.81
882,-34.42
882,-35.53
882,17.82
883,-30.28
883,-66.16
883,74.78
883,5.06
883,5.06
883,-15.02
883,-5.58
884,-36.78
884,-55.56
884,-55.56